order_item_id,order_id,product_id,quantity,unit_price,unit_cost,discount_pct
1,1,23,1,2929,1870.19,0.0
2,1,21,1,6554,3341.85,0.0
3,1,11,3,7283,3961.64,0.15
4,2,21,3,6554,3341.85,0.0
5,2,25,1,3566,2044.36,0.15
6,2,15,3,2539,1187.28,0.1
7,2,17,2,6312,3660.32,0.15
8,3,14,1,1607,752.53,0.1
9,3,25,3,3566,2044.36,0.2
10,3,12,3,2194,1098.52,0.05
11,3,18,2,8248,4577.12,0.0
12,4,11,2,7283,3961.64,0.0
13,5,9,2,3995,1987.42,0.1
14,6,11,2,7283,3961.64,0.0
15,6,18,1,8248,4577.12,0.0
16,7,23,3,2929,1870.19,0.05
17,7,20,1,6178,4515.34,0.05
18,7,14,3,1607,752.53,0.2
19,8,21,2,6554,3341.85,0.1
20,9,8,1,7234,5223.95,0.15
21,10,18,2,8248,4577.12,0.2
22,10,23,1,2929,1870.19,0.2
23,10,16,2,2302,1484.97,0.0
24,11,3,2,6489,3426.83,0.2
25,11,19,1,11816,8729.09,0.2
26,11,24,1,3180,1867.83,0.15
27,12,20,3,6178,4515.34,0.15
28,12,24,3,3180,1867.83,0.0
29,13,2,1,7910,4744.31,0.1
30,13,16,1,2302,1484.97,0.0
31,13,4,2,3162,2201.34,0.0
32,14,17,2,6312,3660.32,0.15
33,14,20,3,6178,4515.34,0.15
34,15,15,1,2539,1187.28,0.2
35,16,3,3,6489,3426.83,0.0
36,16,13,2,5603,2560.45,0.15
37,16,11,3,7283,3961.64,0.15
38,16,6,3,9844,4646.02,0.15
39,17,21,3,6554,3341.85,0.1
40,17,7,3,5836,2907.71,0.05
41,17,14,1,1607,752.53,0.0
42,17,4,3,3162,2201.34,0.0
43,18,11,3,7283,3961.64,0.05
44,18,4,3,3162,2201.34,0.0
45,18,14,3,1607,752.53,0.2
46,19,12,1,2194,1098.52,0.05
47,19,17,3,6312,3660.32,0.0
48,19,18,3,8248,4577.12,0.2
49,20,22,3,760,401.38,0.1
50,20,4,1,3162,2201.34,0.05
51,21,14,1,1607,752.53,0.0
52,21,12,3,2194,1098.52,0.15
53,21,11,1,7283,3961.64,0.2
54,22,1,1,1586,1167.73,0.1
55,22,23,3,2929,1870.19,0.15
56,23,25,1,3566,2044.36,0.2
57,23,18,1,8248,4577.12,0.15
58,24,17,3,6312,3660.32,0.0
59,25,16,1,2302,1484.97,0.15
60,25,23,3,2929,1870.19,0.0
61,25,7,1,5836,2907.71,0.05
62,26,21,1,6554,3341.85,0.0
63,26,23,1,2929,1870.19,0.1
64,26,23,1,2929,1870.19,0.0
65,26,1,1,1586,1167.73,0.0
66,27,21,3,6554,3341.85,0.0
67,27,8,3,7234,5223.95,0.0
68,27,2,3,7910,4744.31,0.15
69,27,25,3,3566,2044.36,0.0
70,28,21,3,6554,3341.85,0.05
71,28,2,2,7910,4744.31,0.0
72,28,3,1,6489,3426.83,0.15
73,29,14,2,1607,752.53,0.0
74,29,22,2,760,401.38,0.0
75,29,21,3,6554,3341.85,0.0
76,30,3,3,6489,3426.83,0.1
77,30,25,3,3566,2044.36,0.1
78,31,16,1,2302,1484.97,0.0
79,32,18,2,8248,4577.12,0.0
80,32,10,1,3896,2937.27,0.15
81,33,15,2,2539,1187.28,0.1
82,33,20,1,6178,4515.34,0.1
83,33,22,2,760,401.38,0.05
84,33,4,1,3162,2201.34,0.2
85,34,15,2,2539,1187.28,0.15
86,34,7,2,5836,2907.71,0.05
87,35,12,2,2194,1098.52,0.15
88,36,4,1,3162,2201.34,0.2
89,36,4,3,3162,2201.34,0.0
90,37,11,3,7283,3961.64,0.1
91,37,11,2,7283,3961.64,0.2
92,37,11,1,7283,3961.64,0.05
93,38,15,2,2539,1187.28,0.0
94,38,24,1,3180,1867.83,0.0
95,38,11,2,7283,3961.64,0.05
96,38,4,1,3162,2201.34,0.0
97,39,15,3,2539,1187.28,0.1
98,39,17,2,6312,3660.32,0.1
99,39,16,1,2302,1484.97,0.0
100,40,5,2,10130,4910.43,0.1
101,40,16,2,2302,1484.97,0.05
102,40,25,2,3566,2044.36,0.15
103,41,4,3,3162,2201.34,0.2
104,41,13,3,5603,2560.45,0.1
105,41,7,3,5836,2907.71,0.0
106,41,8,2,7234,5223.95,0.2
107,42,3,1,6489,3426.83,0.0
108,43,2,1,7910,4744.31,0.0
109,43,15,2,2539,1187.28,0.05
110,43,5,3,10130,4910.43,0.0
111,43,2,3,7910,4744.31,0.2
112,44,18,3,8248,4577.12,0.05
113,44,10,3,3896,2937.27,0.0
114,44,6,2,9844,4646.02,0.15
115,44,3,2,6489,3426.83,0.05
116,45,25,2,3566,2044.36,0.15
117,46,18,1,8248,4577.12,0.15
118,46,19,2,11816,8729.09,0.2
119,46,17,2,6312,3660.32,0.0
120,46,17,1,6312,3660.32,0.15
121,47,18,1,8248,4577.12,0.05
122,48,24,2,3180,1867.83,0.0
123,48,21,3,6554,3341.85,0.2
124,48,17,1,6312,3660.32,0.1
125,48,12,3,2194,1098.52,0.05
126,49,19,1,11816,8729.09,0.05
127,49,12,2,2194,1098.52,0.2
128,49,4,1,3162,2201.34,0.0
129,49,7,3,5836,2907.71,0.2
130,50,5,1,10130,4910.43,0.0
131,51,19,2,11816,8729.09,0.0
132,51,3,1,6489,3426.83,0.0
133,51,22,3,760,401.38,0.2
134,52,11,3,7283,3961.64,0.15
135,52,20,2,6178,4515.34,0.0
136,52,19,2,11816,8729.09,0.15
137,53,24,3,3180,1867.83,0.0
138,53,13,2,5603,2560.45,0.15
139,54,13,2,5603,2560.45,0.2
140,54,8,2,7234,5223.95,0.0
141,55,15,2,2539,1187.28,0.2
142,55,14,2,1607,752.53,0.0
143,56,23,2,2929,1870.19,0.1
144,56,10,1,3896,2937.27,0.0
145,56,9,1,3995,1987.42,0.0
146,56,7,1,5836,2907.71,0.1
147,57,11,1,7283,3961.64,0.0
148,57,15,2,2539,1187.28,0.0
149,58,18,2,8248,4577.12,0.1
150,59,16,3,2302,1484.97,0.05
151,59,25,3,3566,2044.36,0.1
152,59,23,2,2929,1870.19,0.15
153,59,8,3,7234,5223.95,0.1
154,60,2,1,7910,4744.31,0.1
155,60,19,3,11816,8729.09,0.05
156,60,17,2,6312,3660.32,0.2
157,60,17,2,6312,3660.32,0.2
158,61,8,3,7234,5223.95,0.15
159,62,9,1,3995,1987.42,0.0
160,62,8,1,7234,5223.95,0.1
161,62,20,3,6178,4515.34,0.05
162,63,12,1,2194,1098.52,0.2
163,63,7,2,5836,2907.71,0.0
164,63,20,2,6178,4515.34,0.0
165,63,6,2,9844,4646.02,0.1
166,64,12,3,2194,1098.52,0.0
167,64,1,1,1586,1167.73,0.05
168,64,24,1,3180,1867.83,0.05
169,64,3,3,6489,3426.83,0.15
170,65,20,1,6178,4515.34,0.2
171,65,19,3,11816,8729.09,0.05
172,65,21,2,6554,3341.85,0.0
173,66,16,1,2302,1484.97,0.2
174,67,13,1,5603,2560.45,0.15
175,67,14,1,1607,752.53,0.15
176,67,11,3,7283,3961.64,0.2
177,67,16,3,2302,1484.97,0.0
178,68,14,2,1607,752.53,0.15
179,68,22,3,760,401.38,0.0
180,68,18,2,8248,4577.12,0.05
181,68,10,1,3896,2937.27,0.0
182,69,5,3,10130,4910.43,0.0
183,69,17,2,6312,3660.32,0.05
184,69,18,2,8248,4577.12,0.15
185,69,14,3,1607,752.53,0.1
186,70,14,1,1607,752.53,0.0
187,70,15,1,2539,1187.28,0.2
188,71,15,1,2539,1187.28,0.05
189,71,13,3,5603,2560.45,0.0
190,71,13,2,5603,2560.45,0.0
191,72,2,2,7910,4744.31,0.0
192,73,12,3,2194,1098.52,0.1
193,73,23,2,2929,1870.19,0.05
194,74,25,3,3566,2044.36,0.1
195,74,14,3,1607,752.53,0.0
196,74,9,3,3995,1987.42,0.05
197,74,6,2,9844,4646.02,0.0
198,75,14,3,1607,752.53,0.15
199,75,6,2,9844,4646.02,0.1
200,76,22,1,760,401.38,0.0
201,76,9,1,3995,1987.42,0.0
202,77,8,1,7234,5223.95,0.1
203,78,20,2,6178,4515.34,0.05
204,78,22,2,760,401.38,0.2
205,78,25,2,3566,2044.36,0.15
206,79,23,1,2929,1870.19,0.15
207,79,12,1,2194,1098.52,0.0
208,79,15,1,2539,1187.28,0.0
209,80,24,3,3180,1867.83,0.1
210,80,24,2,3180,1867.83,0.0
211,81,19,1,11816,8729.09,0.0
212,81,2,1,7910,4744.31,0.0
213,81,15,1,2539,1187.28,0.2
214,81,12,1,2194,1098.52,0.1
215,82,2,3,7910,4744.31,0.0
216,83,2,3,7910,4744.31,0.15
217,83,12,1,2194,1098.52,0.2
218,83,8,2,7234,5223.95,0.05
219,83,6,2,9844,4646.02,0.0
220,84,11,3,7283,3961.64,0.0
221,85,7,2,5836,2907.71,0.0
222,85,9,2,3995,1987.42,0.05
223,85,14,3,1607,752.53,0.05
224,86,6,1,9844,4646.02,0.1
225,86,7,3,5836,2907.71,0.05
226,87,6,3,9844,4646.02,0.0
227,87,7,3,5836,2907.71,0.05
228,88,22,3,760,401.38,0.0
229,88,4,2,3162,2201.34,0.0
230,89,23,1,2929,1870.19,0.0
231,90,1,1,1586,1167.73,0.0
232,90,18,2,8248,4577.12,0.05
233,90,7,1,5836,2907.71,0.1
234,90,6,2,9844,4646.02,0.15
235,91,8,3,7234,5223.95,0.1
236,92,23,3,2929,1870.19,0.2
237,93,7,3,5836,2907.71,0.1
238,93,12,3,2194,1098.52,0.1
239,94,10,3,3896,2937.27,0.15
240,95,20,1,6178,4515.34,0.1
241,95,8,1,7234,5223.95,0.1
242,95,11,2,7283,3961.64,0.0
243,96,1,3,1586,1167.73,0.05
244,96,10,1,3896,2937.27,0.15
245,96,5,2,10130,4910.43,0.15
246,96,22,3,760,401.38,0.0
247,97,4,3,3162,2201.34,0.0
248,97,15,1,2539,1187.28,0.0
249,98,18,1,8248,4577.12,0.0
250,98,20,2,6178,4515.34,0.0
251,98,25,1,3566,2044.36,0.0
252,99,25,2,3566,2044.36,0.1
253,99,10,1,3896,2937.27,0.1
254,99,23,1,2929,1870.19,0.2
255,100,16,1,2302,1484.97,0.0
256,101,15,1,2539,1187.28,0.0
257,101,9,2,3995,1987.42,0.2
258,102,2,2,7910,4744.31,0.0
259,103,21,1,6554,3341.85,0.1
260,103,16,1,2302,1484.97,0.1
261,103,14,2,1607,752.53,0.15
262,103,17,2,6312,3660.32,0.15
263,104,19,3,11816,8729.09,0.2
264,104,4,2,3162,2201.34,0.2
265,105,1,3,1586,1167.73,0.05
266,106,24,1,3180,1867.83,0.15
267,106,23,2,2929,1870.19,0.05
268,107,4,2,3162,2201.34,0.2
269,107,7,1,5836,2907.71,0.15
270,108,25,3,3566,2044.36,0.0
271,108,6,2,9844,4646.02,0.05
272,108,22,3,760,401.38,0.1
273,108,22,2,760,401.38,0.05
274,109,19,2,11816,8729.09,0.15
275,110,15,2,2539,1187.28,0.0
276,110,20,3,6178,4515.34,0.15
277,110,22,3,760,401.38,0.15
278,110,13,1,5603,2560.45,0.0
279,111,12,1,2194,1098.52,0.0
280,111,25,3,3566,2044.36,0.05
281,111,21,3,6554,3341.85,0.2
282,112,16,1,2302,1484.97,0.05
283,112,16,2,2302,1484.97,0.1
284,113,16,2,2302,1484.97,0.2
285,114,5,2,10130,4910.43,0.05
286,115,4,1,3162,2201.34,0.0
287,115,8,3,7234,5223.95,0.0
288,115,9,1,3995,1987.42,0.2
289,115,19,1,11816,8729.09,0.0
290,116,15,3,2539,1187.28,0.05
291,116,7,2,5836,2907.71,0.0
292,116,25,1,3566,2044.36,0.05
293,116,14,1,1607,752.53,0.05
294,117,2,1,7910,4744.31,0.05
295,118,17,3,6312,3660.32,0.05
296,119,7,1,5836,2907.71,0.0
297,120,22,3,760,401.38,0.2
298,120,3,3,6489,3426.83,0.1
299,121,15,1,2539,1187.28,0.05
300,121,4,3,3162,2201.34,0.0
301,121,6,2,9844,4646.02,0.05
302,121,3,3,6489,3426.83,0.2
303,122,14,2,1607,752.53,0.0
304,122,3,1,6489,3426.83,0.05
305,123,10,2,3896,2937.27,0.1
306,123,19,3,11816,8729.09,0.0
307,123,22,2,760,401.38,0.2
308,123,11,1,7283,3961.64,0.15
309,124,6,2,9844,4646.02,0.2
310,125,23,3,2929,1870.19,0.0
311,126,22,2,760,401.38,0.0
312,127,12,1,2194,1098.52,0.0
313,128,22,2,760,401.38,0.2
314,129,14,3,1607,752.53,0.0
315,129,9,1,3995,1987.42,0.0
316,129,5,1,10130,4910.43,0.2
317,130,20,1,6178,4515.34,0.1
318,131,14,2,1607,752.53,0.1
319,131,21,2,6554,3341.85,0.05
320,132,5,3,10130,4910.43,0.0
321,133,4,1,3162,2201.34,0.05
322,133,14,3,1607,752.53,0.0
323,133,5,1,10130,4910.43,0.2
324,133,1,2,1586,1167.73,0.0
325,134,9,3,3995,1987.42,0.1
326,135,11,2,7283,3961.64,0.1
327,135,17,1,6312,3660.32,0.2
328,135,25,1,3566,2044.36,0.15
329,135,21,3,6554,3341.85,0.05
330,136,21,3,6554,3341.85,0.15
331,137,24,2,3180,1867.83,0.0
332,138,2,3,7910,4744.31,0.1
333,138,20,3,6178,4515.34,0.0
334,138,6,3,9844,4646.02,0.1
335,139,19,1,11816,8729.09,0.1
336,139,25,1,3566,2044.36,0.0
337,139,22,1,760,401.38,0.05
338,140,11,1,7283,3961.64,0.15
339,141,4,3,3162,2201.34,0.1
340,141,8,2,7234,5223.95,0.15
341,142,17,2,6312,3660.32,0.1
342,142,2,2,7910,4744.31,0.1
343,143,14,1,1607,752.53,0.0
344,143,17,3,6312,3660.32,0.2
345,144,12,1,2194,1098.52,0.2
346,144,19,3,11816,8729.09,0.0
347,144,25,2,3566,2044.36,0.1
348,144,19,2,11816,8729.09,0.0
349,145,18,2,8248,4577.12,0.15
350,145,19,2,11816,8729.09,0.05
351,145,23,2,2929,1870.19,0.0
352,145,18,2,8248,4577.12,0.1
353,146,11,1,7283,3961.64,0.1
354,146,11,2,7283,3961.64,0.15
355,147,7,1,5836,2907.71,0.15
356,147,3,1,6489,3426.83,0.15
357,148,17,1,6312,3660.32,0.0
358,148,23,1,2929,1870.19,0.15
359,148,5,1,10130,4910.43,0.15
360,149,7,3,5836,2907.71,0.15
361,149,5,1,10130,4910.43,0.2
362,149,7,3,5836,2907.71,0.0
363,149,8,1,7234,5223.95,0.0
364,150,19,1,11816,8729.09,0.2
365,150,14,2,1607,752.53,0.15
366,150,20,3,6178,4515.34,0.1
367,150,16,3,2302,1484.97,0.0
368,151,9,3,3995,1987.42,0.2
369,152,18,2,8248,4577.12,0.0
370,152,14,2,1607,752.53,0.15
371,153,10,2,3896,2937.27,0.0
372,153,24,3,3180,1867.83,0.2
373,153,9,1,3995,1987.42,0.2
374,154,12,2,2194,1098.52,0.15
375,154,9,3,3995,1987.42,0.0
376,155,24,1,3180,1867.83,0.2
377,155,24,3,3180,1867.83,0.0
378,155,19,3,11816,8729.09,0.15
379,155,6,3,9844,4646.02,0.0
380,156,18,1,8248,4577.12,0.1
381,156,17,2,6312,3660.32,0.0
382,157,15,2,2539,1187.28,0.05
383,157,8,1,7234,5223.95,0.1
384,158,15,1,2539,1187.28,0.05
385,158,1,1,1586,1167.73,0.05
386,158,12,3,2194,1098.52,0.0
387,158,21,1,6554,3341.85,0.0
388,159,3,1,6489,3426.83,0.05
389,159,12,3,2194,1098.52,0.0
390,159,5,3,10130,4910.43,0.0
391,160,16,3,2302,1484.97,0.2
392,160,8,3,7234,5223.95,0.1
393,161,15,3,2539,1187.28,0.0
394,162,6,2,9844,4646.02,0.05
395,162,3,3,6489,3426.83,0.15
396,162,15,1,2539,1187.28,0.0
397,162,11,2,7283,3961.64,0.1
398,163,18,3,8248,4577.12,0.1
399,163,1,3,1586,1167.73,0.0
400,164,3,1,6489,3426.83,0.15
401,164,19,1,11816,8729.09,0.2
402,164,9,1,3995,1987.42,0.0
403,165,6,1,9844,4646.02,0.05
404,165,17,3,6312,3660.32,0.05
405,166,21,3,6554,3341.85,0.15
406,166,24,2,3180,1867.83,0.05
407,166,9,1,3995,1987.42,0.15
408,167,13,1,5603,2560.45,0.2
409,168,22,3,760,401.38,0.0
410,168,9,1,3995,1987.42,0.0
411,168,14,1,1607,752.53,0.0
412,169,1,1,1586,1167.73,0.05
413,170,1,2,1586,1167.73,0.1
414,171,5,1,10130,4910.43,0.0
415,171,2,3,7910,4744.31,0.0
416,172,12,3,2194,1098.52,0.0
417,172,3,2,6489,3426.83,0.05
418,172,14,3,1607,752.53,0.1
419,173,6,2,9844,4646.02,0.1
420,173,19,3,11816,8729.09,0.05
421,173,8,2,7234,5223.95,0.05
422,173,6,2,9844,4646.02,0.0
423,174,3,3,6489,3426.83,0.0
424,174,9,1,3995,1987.42,0.0
425,174,5,1,10130,4910.43,0.15
426,174,2,2,7910,4744.31,0.15
427,175,25,2,3566,2044.36,0.0
428,176,5,3,10130,4910.43,0.2
429,176,25,3,3566,2044.36,0.2
430,177,6,2,9844,4646.02,0.1
431,177,24,1,3180,1867.83,0.0
432,177,19,1,11816,8729.09,0.1
433,178,21,2,6554,3341.85,0.15
434,178,12,1,2194,1098.52,0.1
435,179,10,2,3896,2937.27,0.1
436,179,7,1,5836,2907.71,0.05
437,179,7,3,5836,2907.71,0.0
438,180,4,2,3162,2201.34,0.15
439,180,7,1,5836,2907.71,0.1
440,180,5,1,10130,4910.43,0.05
441,181,22,1,760,401.38,0.05
442,181,1,1,1586,1167.73,0.0
443,181,15,3,2539,1187.28,0.15
444,182,21,3,6554,3341.85,0.0
445,183,22,3,760,401.38,0.05
446,183,2,2,7910,4744.31,0.0
447,184,5,1,10130,4910.43,0.15
448,184,1,1,1586,1167.73,0.2
449,185,3,2,6489,3426.83,0.1
450,186,17,3,6312,3660.32,0.0
451,187,7,1,5836,2907.71,0.1
452,187,9,2,3995,1987.42,0.0
453,188,6,3,9844,4646.02,0.2
454,188,1,3,1586,1167.73,0.15
455,189,2,1,7910,4744.31,0.05
456,190,5,3,10130,4910.43,0.2
457,191,18,2,8248,4577.12,0.0
458,191,25,2,3566,2044.36,0.0
459,191,6,2,9844,4646.02,0.0
460,191,9,2,3995,1987.42,0.2
461,192,21,3,6554,3341.85,0.0
462,192,21,3,6554,3341.85,0.0
463,192,13,2,5603,2560.45,0.05
464,192,8,3,7234,5223.95,0.2
465,193,20,2,6178,4515.34,0.05
466,193,4,2,3162,2201.34,0.0
467,194,3,3,6489,3426.83,0.2
468,194,1,2,1586,1167.73,0.1
469,194,9,3,3995,1987.42,0.05
470,194,11,2,7283,3961.64,0.15
471,195,21,3,6554,3341.85,0.15
472,195,10,3,3896,2937.27,0.0
473,195,7,2,5836,2907.71,0.2
474,195,15,2,2539,1187.28,0.05
475,196,14,2,1607,752.53,0.0
476,196,25,2,3566,2044.36,0.0
477,197,8,1,7234,5223.95,0.1
478,198,22,1,760,401.38,0.15
479,198,15,3,2539,1187.28,0.15
480,199,21,3,6554,3341.85,0.2
481,199,5,2,10130,4910.43,0.0
482,199,17,3,6312,3660.32,0.0
483,200,10,1,3896,2937.27,0.2
484,200,24,2,3180,1867.83,0.2
485,200,1,2,1586,1167.73,0.0
486,200,24,3,3180,1867.83,0.2
487,201,9,3,3995,1987.42,0.0
488,202,6,2,9844,4646.02,0.05
489,202,1,2,1586,1167.73,0.15
490,203,22,3,760,401.38,0.05
491,203,22,2,760,401.38,0.0
492,203,7,3,5836,2907.71,0.0
493,203,11,3,7283,3961.64,0.0
494,204,7,3,5836,2907.71,0.0
495,204,25,3,3566,2044.36,0.2
496,204,22,1,760,401.38,0.2
497,205,15,2,2539,1187.28,0.0
498,205,3,2,6489,3426.83,0.15
499,205,13,2,5603,2560.45,0.0
500,205,15,2,2539,1187.28,0.2
501,206,11,3,7283,3961.64,0.05
502,206,4,2,3162,2201.34,0.0
503,206,3,3,6489,3426.83,0.15
504,206,6,3,9844,4646.02,0.0
505,207,19,3,11816,8729.09,0.0
506,207,1,3,1586,1167.73,0.1
507,208,18,2,8248,4577.12,0.0
508,208,16,3,2302,1484.97,0.0
509,209,4,1,3162,2201.34,0.1
510,209,12,3,2194,1098.52,0.1
511,209,24,1,3180,1867.83,0.05
512,210,13,2,5603,2560.45,0.0
513,211,5,2,10130,4910.43,0.0
514,211,21,2,6554,3341.85,0.2
515,211,7,1,5836,2907.71,0.1
516,211,17,3,6312,3660.32,0.2
517,212,11,1,7283,3961.64,0.05
518,212,10,1,3896,2937.27,0.0
519,213,12,3,2194,1098.52,0.1
520,213,2,1,7910,4744.31,0.15
521,213,14,1,1607,752.53,0.1
522,213,23,2,2929,1870.19,0.0
523,214,21,3,6554,3341.85,0.0
524,214,8,1,7234,5223.95,0.0
525,214,21,3,6554,3341.85,0.0
526,214,19,2,11816,8729.09,0.0
527,215,18,2,8248,4577.12,0.15
528,215,12,3,2194,1098.52,0.0
529,215,5,3,10130,4910.43,0.0
530,216,13,1,5603,2560.45,0.0
531,217,17,3,6312,3660.32,0.0
532,218,4,3,3162,2201.34,0.1
533,218,22,2,760,401.38,0.2
534,218,16,1,2302,1484.97,0.2
535,218,20,1,6178,4515.34,0.1
536,219,23,1,2929,1870.19,0.2
537,219,11,3,7283,3961.64,0.15
538,219,13,2,5603,2560.45,0.05
539,219,22,2,760,401.38,0.0
540,220,3,1,6489,3426.83,0.15
541,220,2,2,7910,4744.31,0.15
542,221,24,3,3180,1867.83,0.1
543,222,4,3,3162,2201.34,0.0
544,222,8,3,7234,5223.95,0.15
545,223,17,3,6312,3660.32,0.2
546,223,25,1,3566,2044.36,0.0
547,223,15,1,2539,1187.28,0.05
548,224,4,1,3162,2201.34,0.0
549,225,7,2,5836,2907.71,0.1
550,225,16,3,2302,1484.97,0.0
551,225,13,3,5603,2560.45,0.2
552,225,16,2,2302,1484.97,0.2
553,226,9,1,3995,1987.42,0.0
554,227,11,2,7283,3961.64,0.2
555,227,22,2,760,401.38,0.0
556,228,11,1,7283,3961.64,0.1
557,228,9,1,3995,1987.42,0.1
558,228,5,3,10130,4910.43,0.0
559,229,20,3,6178,4515.34,0.2
560,230,20,1,6178,4515.34,0.15
561,230,3,2,6489,3426.83,0.05
562,230,14,2,1607,752.53,0.0
563,230,13,3,5603,2560.45,0.05
564,231,13,2,5603,2560.45,0.05
565,232,2,3,7910,4744.31,0.1
566,232,7,1,5836,2907.71,0.15
567,232,16,2,2302,1484.97,0.0
568,232,15,3,2539,1187.28,0.0
569,233,8,2,7234,5223.95,0.15
570,233,2,3,7910,4744.31,0.15
571,233,18,2,8248,4577.12,0.15
572,233,20,3,6178,4515.34,0.05
573,234,22,3,760,401.38,0.1
574,235,17,3,6312,3660.32,0.15
575,235,24,3,3180,1867.83,0.15
576,236,16,3,2302,1484.97,0.05
577,236,13,1,5603,2560.45,0.15
578,237,6,2,9844,4646.02,0.15
579,237,9,1,3995,1987.42,0.05
580,237,5,2,10130,4910.43,0.1
581,238,23,3,2929,1870.19,0.0
582,239,24,3,3180,1867.83,0.0
583,240,8,1,7234,5223.95,0.1
584,240,5,3,10130,4910.43,0.15
585,241,21,1,6554,3341.85,0.15
586,241,9,3,3995,1987.42,0.05
587,241,21,1,6554,3341.85,0.05
588,242,10,1,3896,2937.27,0.15
589,242,14,3,1607,752.53,0.15
590,243,13,1,5603,2560.45,0.15
591,243,15,3,2539,1187.28,0.0
592,244,11,3,7283,3961.64,0.0
593,244,7,2,5836,2907.71,0.05
594,245,12,2,2194,1098.52,0.05
595,246,19,1,11816,8729.09,0.0
596,246,5,1,10130,4910.43,0.05
597,246,4,1,3162,2201.34,0.05
598,246,18,1,8248,4577.12,0.2
599,247,14,3,1607,752.53,0.0
600,248,16,2,2302,1484.97,0.0
601,248,22,2,760,401.38,0.2
602,249,23,3,2929,1870.19,0.2
603,249,13,3,5603,2560.45,0.05
604,250,18,1,8248,4577.12,0.1
605,251,13,2,5603,2560.45,0.05
606,251,15,3,2539,1187.28,0.1
607,252,3,3,6489,3426.83,0.0
608,252,5,3,10130,4910.43,0.0
609,252,22,3,760,401.38,0.2
610,252,17,3,6312,3660.32,0.0
611,253,4,2,3162,2201.34,0.15
612,253,7,3,5836,2907.71,0.1
613,254,9,3,3995,1987.42,0.1
614,254,16,1,2302,1484.97,0.0
615,255,19,1,11816,8729.09,0.1
616,256,2,3,7910,4744.31,0.0
617,256,18,3,8248,4577.12,0.0
618,257,21,3,6554,3341.85,0.0
619,258,4,1,3162,2201.34,0.15
620,258,25,3,3566,2044.36,0.05
621,258,6,3,9844,4646.02,0.0
622,258,9,3,3995,1987.42,0.1
623,259,25,2,3566,2044.36,0.15
624,259,7,3,5836,2907.71,0.15
625,260,10,3,3896,2937.27,0.2
626,260,22,1,760,401.38,0.15
627,260,1,2,1586,1167.73,0.1
628,261,1,1,1586,1167.73,0.0
629,261,23,2,2929,1870.19,0.15
630,261,21,3,6554,3341.85,0.0
631,261,4,2,3162,2201.34,0.05
632,262,6,1,9844,4646.02,0.0
633,262,5,2,10130,4910.43,0.05
634,263,22,2,760,401.38,0.1
635,263,19,3,11816,8729.09,0.0
636,263,25,1,3566,2044.36,0.05
637,264,24,1,3180,1867.83,0.0
638,265,19,3,11816,8729.09,0.0
639,266,6,1,9844,4646.02,0.0
640,267,8,1,7234,5223.95,0.15
641,268,21,2,6554,3341.85,0.0
642,268,16,1,2302,1484.97,0.0
643,268,7,1,5836,2907.71,0.0
644,269,11,3,7283,3961.64,0.0
645,269,11,3,7283,3961.64,0.1
646,269,10,1,3896,2937.27,0.0
647,270,16,2,2302,1484.97,0.15
648,270,5,1,10130,4910.43,0.05
649,270,23,2,2929,1870.19,0.2
650,270,7,3,5836,2907.71,0.0
651,271,22,3,760,401.38,0.1
652,272,14,3,1607,752.53,0.1
653,272,4,1,3162,2201.34,0.15
654,272,4,3,3162,2201.34,0.0
655,273,2,3,7910,4744.31,0.0
656,273,14,3,1607,752.53,0.15
657,274,19,2,11816,8729.09,0.0
658,275,6,1,9844,4646.02,0.1
659,275,17,2,6312,3660.32,0.1
660,275,15,3,2539,1187.28,0.05
661,275,21,3,6554,3341.85,0.2
662,276,20,3,6178,4515.34,0.0
663,277,20,1,6178,4515.34,0.05
664,277,20,2,6178,4515.34,0.2
665,277,1,3,1586,1167.73,0.15
666,278,10,2,3896,2937.27,0.05
667,278,16,2,2302,1484.97,0.05
668,278,2,3,7910,4744.31,0.0
669,278,3,2,6489,3426.83,0.05
670,279,8,2,7234,5223.95,0.15
671,280,25,2,3566,2044.36,0.2
672,280,20,1,6178,4515.34,0.0
673,280,20,1,6178,4515.34,0.05
674,281,17,3,6312,3660.32,0.15
675,281,24,1,3180,1867.83,0.05
676,282,9,2,3995,1987.42,0.1
677,282,13,2,5603,2560.45,0.0
678,282,12,2,2194,1098.52,0.15
679,283,22,2,760,401.38,0.05
680,284,9,3,3995,1987.42,0.1
681,285,6,3,9844,4646.02,0.15
682,285,23,1,2929,1870.19,0.0
683,285,14,2,1607,752.53,0.05
684,285,20,3,6178,4515.34,0.0
685,286,1,2,1586,1167.73,0.2
686,286,12,3,2194,1098.52,0.0
687,287,24,2,3180,1867.83,0.0
688,287,12,1,2194,1098.52,0.05
689,287,2,2,7910,4744.31,0.0
690,288,21,3,6554,3341.85,0.0
691,288,9,3,3995,1987.42,0.1
692,288,4,1,3162,2201.34,0.0
693,288,25,1,3566,2044.36,0.2
694,289,9,3,3995,1987.42,0.0
695,289,8,1,7234,5223.95,0.0
696,289,3,1,6489,3426.83,0.0
697,289,10,1,3896,2937.27,0.0
698,290,1,1,1586,1167.73,0.1
699,291,3,3,6489,3426.83,0.0
700,291,16,2,2302,1484.97,0.2
701,291,8,2,7234,5223.95,0.05
702,292,11,2,7283,3961.64,0.15
703,292,9,1,3995,1987.42,0.05
704,292,2,1,7910,4744.31,0.05
705,293,11,1,7283,3961.64,0.15
706,293,7,3,5836,2907.71,0.2
707,294,18,2,8248,4577.12,0.2
708,294,23,1,2929,1870.19,0.2
709,294,20,1,6178,4515.34,0.0
710,294,19,1,11816,8729.09,0.05
711,295,3,1,6489,3426.83,0.2
712,295,15,1,2539,1187.28,0.0
713,295,9,2,3995,1987.42,0.0
714,295,16,2,2302,1484.97,0.1
715,296,4,1,3162,2201.34,0.15
716,296,16,3,2302,1484.97,0.1
717,296,18,2,8248,4577.12,0.0
718,296,19,2,11816,8729.09,0.0
719,297,25,1,3566,2044.36,0.0
720,298,20,1,6178,4515.34,0.2
721,298,21,2,6554,3341.85,0.1
722,298,1,3,1586,1167.73,0.2
723,299,3,2,6489,3426.83,0.15
724,299,24,3,3180,1867.83,0.05
725,300,16,3,2302,1484.97,0.15
726,300,4,1,3162,2201.34,0.05
727,300,13,3,5603,2560.45,0.05
728,301,13,2,5603,2560.45,0.05
729,301,25,3,3566,2044.36,0.1
730,302,11,1,7283,3961.64,0.0
731,303,17,2,6312,3660.32,0.05
732,304,18,1,8248,4577.12,0.0
733,304,15,3,2539,1187.28,0.0
734,304,3,3,6489,3426.83,0.2
735,305,5,1,10130,4910.43,0.05
736,305,17,1,6312,3660.32,0.05
737,305,8,3,7234,5223.95,0.0
738,306,24,2,3180,1867.83,0.0
739,306,19,2,11816,8729.09,0.2
740,306,9,3,3995,1987.42,0.15
741,306,6,3,9844,4646.02,0.0
742,307,7,2,5836,2907.71,0.1
743,307,19,3,11816,8729.09,0.0
744,307,25,1,3566,2044.36,0.1
745,308,22,2,760,401.38,0.2
746,308,9,1,3995,1987.42,0.05
747,308,14,3,1607,752.53,0.15
748,309,11,1,7283,3961.64,0.2
749,309,12,3,2194,1098.52,0.2
750,309,23,2,2929,1870.19,0.15
751,309,25,1,3566,2044.36,0.0
752,310,3,2,6489,3426.83,0.0
753,310,13,2,5603,2560.45,0.1
754,310,11,2,7283,3961.64,0.15
755,311,11,1,7283,3961.64,0.1
756,311,4,2,3162,2201.34,0.0
757,312,12,1,2194,1098.52,0.0
758,312,3,3,6489,3426.83,0.2
759,312,14,1,1607,752.53,0.0
760,312,25,1,3566,2044.36,0.0
761,313,23,1,2929,1870.19,0.15
762,313,2,1,7910,4744.31,0.0
763,313,24,2,3180,1867.83,0.15
764,314,3,1,6489,3426.83,0.1
765,314,16,1,2302,1484.97,0.05
766,314,17,2,6312,3660.32,0.05
767,314,2,2,7910,4744.31,0.15
768,315,1,2,1586,1167.73,0.0
769,316,14,3,1607,752.53,0.0
770,316,23,1,2929,1870.19,0.15
771,317,5,2,10130,4910.43,0.2
772,317,24,3,3180,1867.83,0.05
773,317,14,1,1607,752.53,0.2
774,318,19,1,11816,8729.09,0.15
775,318,2,1,7910,4744.31,0.05
776,319,1,1,1586,1167.73,0.05
777,319,14,2,1607,752.53,0.0
778,320,14,3,1607,752.53,0.0
779,320,18,1,8248,4577.12,0.0
780,320,22,2,760,401.38,0.1
781,320,16,3,2302,1484.97,0.0
782,321,6,2,9844,4646.02,0.05
783,321,5,2,10130,4910.43,0.0
784,321,5,1,10130,4910.43,0.15
785,321,15,3,2539,1187.28,0.05
786,322,14,1,1607,752.53,0.0
787,322,24,2,3180,1867.83,0.2
788,322,13,1,5603,2560.45,0.2
789,322,20,3,6178,4515.34,0.2
790,323,25,1,3566,2044.36,0.1
791,324,22,1,760,401.38,0.1
792,325,11,2,7283,3961.64,0.1
793,325,13,1,5603,2560.45,0.1
794,326,18,3,8248,4577.12,0.0
795,327,19,2,11816,8729.09,0.1
796,327,8,3,7234,5223.95,0.2
797,328,10,3,3896,2937.27,0.0
798,329,12,2,2194,1098.52,0.2
799,329,14,3,1607,752.53,0.0
800,329,6,3,9844,4646.02,0.2
801,330,22,3,760,401.38,0.0
802,331,24,1,3180,1867.83,0.0
803,331,3,3,6489,3426.83,0.1
804,332,12,1,2194,1098.52,0.15
805,333,8,1,7234,5223.95,0.05
806,333,12,3,2194,1098.52,0.15
807,334,9,1,3995,1987.42,0.2
808,334,19,2,11816,8729.09,0.0
809,334,22,1,760,401.38,0.05
810,335,17,1,6312,3660.32,0.0
811,335,9,3,3995,1987.42,0.15
812,336,7,1,5836,2907.71,0.0
813,337,14,1,1607,752.53,0.05
814,338,18,2,8248,4577.12,0.1
815,338,14,1,1607,752.53,0.0
816,339,16,1,2302,1484.97,0.05
817,339,9,2,3995,1987.42,0.15
818,339,3,2,6489,3426.83,0.0
819,340,12,1,2194,1098.52,0.05
820,340,20,3,6178,4515.34,0.0
821,341,6,2,9844,4646.02,0.0
822,341,1,2,1586,1167.73,0.1
823,341,19,2,11816,8729.09,0.2
824,342,3,3,6489,3426.83,0.2
825,343,25,2,3566,2044.36,0.0
826,344,20,3,6178,4515.34,0.1
827,344,16,1,2302,1484.97,0.2
828,345,2,2,7910,4744.31,0.05
829,345,24,2,3180,1867.83,0.1
830,345,4,3,3162,2201.34,0.05
831,346,1,1,1586,1167.73,0.05
832,347,9,1,3995,1987.42,0.05
833,347,4,3,3162,2201.34,0.0
834,347,12,1,2194,1098.52,0.0
835,348,24,3,3180,1867.83,0.0
836,348,20,2,6178,4515.34,0.0
837,348,3,2,6489,3426.83,0.05
838,349,13,3,5603,2560.45,0.2
839,349,25,1,3566,2044.36,0.2
840,349,13,3,5603,2560.45,0.2
841,350,7,2,5836,2907.71,0.2
842,351,14,3,1607,752.53,0.2
843,351,6,1,9844,4646.02,0.15
844,352,11,2,7283,3961.64,0.1
845,353,12,1,2194,1098.52,0.1
846,353,17,2,6312,3660.32,0.0
847,353,13,2,5603,2560.45,0.05
848,354,12,2,2194,1098.52,0.1
849,354,10,1,3896,2937.27,0.2
850,354,2,2,7910,4744.31,0.0
851,355,11,2,7283,3961.64,0.15
852,355,1,2,1586,1167.73,0.05
853,355,14,1,1607,752.53,0.2
854,355,6,3,9844,4646.02,0.15
855,356,21,3,6554,3341.85,0.2
856,356,6,2,9844,4646.02,0.0
857,357,18,3,8248,4577.12,0.05
858,357,9,2,3995,1987.42,0.0
859,357,3,2,6489,3426.83,0.15
860,358,12,2,2194,1098.52,0.05
861,359,16,1,2302,1484.97,0.0
862,359,1,3,1586,1167.73,0.0
863,359,19,1,11816,8729.09,0.05
864,359,7,3,5836,2907.71,0.0
865,360,5,3,10130,4910.43,0.05
866,360,11,2,7283,3961.64,0.2
867,361,9,1,3995,1987.42,0.1
868,361,1,1,1586,1167.73,0.0
869,362,25,2,3566,2044.36,0.2
870,362,2,2,7910,4744.31,0.15
871,362,14,3,1607,752.53,0.0
872,363,20,3,6178,4515.34,0.2
873,364,11,1,7283,3961.64,0.15
874,365,8,1,7234,5223.95,0.2
875,365,13,1,5603,2560.45,0.2
876,365,25,2,3566,2044.36,0.15
877,365,1,1,1586,1167.73,0.0
878,366,17,3,6312,3660.32,0.15
879,367,13,3,5603,2560.45,0.05
880,367,3,3,6489,3426.83,0.0
881,367,25,2,3566,2044.36,0.2
882,368,12,1,2194,1098.52,0.2
883,368,10,3,3896,2937.27,0.05
884,369,7,3,5836,2907.71,0.2
885,370,9,3,3995,1987.42,0.1
886,370,2,2,7910,4744.31,0.05
887,370,7,2,5836,2907.71,0.1
888,370,2,1,7910,4744.31,0.15
889,371,14,2,1607,752.53,0.05
890,371,21,3,6554,3341.85,0.0
891,371,17,3,6312,3660.32,0.0
892,372,15,3,2539,1187.28,0.0
893,372,4,3,3162,2201.34,0.1
894,372,14,1,1607,752.53,0.0
895,372,21,1,6554,3341.85,0.1
896,373,24,3,3180,1867.83,0.0
897,374,19,1,11816,8729.09,0.0
898,374,9,2,3995,1987.42,0.0
899,375,13,2,5603,2560.45,0.0
900,376,10,1,3896,2937.27,0.05
901,376,24,1,3180,1867.83,0.2
902,376,7,1,5836,2907.71,0.0
903,377,9,3,3995,1987.42,0.05
904,377,12,2,2194,1098.52,0.0
905,377,18,1,8248,4577.12,0.15
906,378,8,3,7234,5223.95,0.0
907,378,13,3,5603,2560.45,0.2
908,379,3,2,6489,3426.83,0.2
909,379,17,3,6312,3660.32,0.05
910,379,8,1,7234,5223.95,0.05
911,379,18,2,8248,4577.12,0.15
912,380,14,3,1607,752.53,0.2
913,381,16,1,2302,1484.97,0.1
914,381,1,1,1586,1167.73,0.1
915,381,3,2,6489,3426.83,0.1
916,382,20,3,6178,4515.34,0.2
917,383,13,1,5603,2560.45,0.2
918,383,9,3,3995,1987.42,0.05
919,383,22,2,760,401.38,0.05
920,383,8,3,7234,5223.95,0.0
921,384,7,2,5836,2907.71,0.05
922,384,5,1,10130,4910.43,0.15
923,384,7,1,5836,2907.71,0.1
924,385,9,3,3995,1987.42,0.1
925,386,10,1,3896,2937.27,0.1
926,387,14,1,1607,752.53,0.2
927,387,23,3,2929,1870.19,0.05
928,388,25,3,3566,2044.36,0.1
929,388,25,3,3566,2044.36,0.05
930,389,15,1,2539,1187.28,0.0
931,389,18,3,8248,4577.12,0.0
932,390,21,3,6554,3341.85,0.1
933,390,16,3,2302,1484.97,0.1
934,390,12,3,2194,1098.52,0.1
935,391,2,1,7910,4744.31,0.0
936,391,14,3,1607,752.53,0.0
937,391,4,3,3162,2201.34,0.15
938,391,17,2,6312,3660.32,0.05
939,392,9,3,3995,1987.42,0.15
940,392,8,1,7234,5223.95,0.15
941,392,3,2,6489,3426.83,0.2
942,392,18,3,8248,4577.12,0.0
943,393,5,3,10130,4910.43,0.0
944,393,18,2,8248,4577.12,0.1
945,394,8,3,7234,5223.95,0.0
946,394,2,3,7910,4744.31,0.1
947,394,2,3,7910,4744.31,0.0
948,395,24,1,3180,1867.83,0.15
949,395,6,2,9844,4646.02,0.0
950,395,13,3,5603,2560.45,0.05
951,395,3,1,6489,3426.83,0.15
952,396,8,2,7234,5223.95,0.1
953,396,23,2,2929,1870.19,0.2
954,397,10,1,3896,2937.27,0.0
955,397,20,2,6178,4515.34,0.0
956,398,3,3,6489,3426.83,0.15
957,399,22,1,760,401.38,0.2
958,399,2,1,7910,4744.31,0.05
959,399,19,1,11816,8729.09,0.0
960,399,7,2,5836,2907.71,0.2
961,400,5,1,10130,4910.43,0.1
962,401,15,1,2539,1187.28,0.05
963,401,8,3,7234,5223.95,0.0
964,401,4,3,3162,2201.34,0.05
965,401,3,3,6489,3426.83,0.0
966,402,14,2,1607,752.53,0.1
967,402,2,1,7910,4744.31,0.0
968,403,19,3,11816,8729.09,0.0
969,403,1,3,1586,1167.73,0.0
970,403,2,3,7910,4744.31,0.2
971,404,3,1,6489,3426.83,0.0
972,405,22,3,760,401.38,0.0
973,405,12,2,2194,1098.52,0.15
974,405,11,1,7283,3961.64,0.15
975,406,13,3,5603,2560.45,0.2
976,407,21,3,6554,3341.85,0.0
977,407,8,2,7234,5223.95,0.0
978,407,23,1,2929,1870.19,0.1
979,408,7,3,5836,2907.71,0.05
980,408,2,2,7910,4744.31,0.05
981,408,14,1,1607,752.53,0.05
982,408,11,1,7283,3961.64,0.15
983,409,22,2,760,401.38,0.0
984,409,4,3,3162,2201.34,0.2
985,410,4,2,3162,2201.34,0.15
986,410,25,3,3566,2044.36,0.0
987,410,6,2,9844,4646.02,0.0
988,411,2,1,7910,4744.31,0.15
989,412,2,2,7910,4744.31,0.15
990,412,3,1,6489,3426.83,0.2
991,413,22,2,760,401.38,0.1
992,413,1,1,1586,1167.73,0.1
993,413,5,3,10130,4910.43,0.2
994,413,7,2,5836,2907.71,0.0
995,414,14,2,1607,752.53,0.1
996,414,6,3,9844,4646.02,0.15
997,415,10,3,3896,2937.27,0.0
998,415,7,2,5836,2907.71,0.1
999,415,19,1,11816,8729.09,0.2
1000,415,9,2,3995,1987.42,0.2
1001,416,25,2,3566,2044.36,0.05
1002,416,5,2,10130,4910.43,0.2
1003,416,13,2,5603,2560.45,0.0
1004,416,10,1,3896,2937.27,0.2
1005,417,22,3,760,401.38,0.15
1006,418,19,3,11816,8729.09,0.2
1007,419,24,3,3180,1867.83,0.0
1008,419,2,1,7910,4744.31,0.15
1009,419,22,2,760,401.38,0.0
1010,419,19,1,11816,8729.09,0.15
1011,420,15,2,2539,1187.28,0.0
1012,420,24,3,3180,1867.83,0.0
1013,420,24,1,3180,1867.83,0.1
1014,420,5,2,10130,4910.43,0.05
1015,421,10,3,3896,2937.27,0.05
1016,421,5,1,10130,4910.43,0.0
1017,421,18,2,8248,4577.12,0.05
1018,421,13,3,5603,2560.45,0.1
1019,422,11,3,7283,3961.64,0.1
1020,422,19,2,11816,8729.09,0.05
1021,423,5,2,10130,4910.43,0.0
1022,423,20,3,6178,4515.34,0.1
1023,423,24,2,3180,1867.83,0.0
1024,424,3,1,6489,3426.83,0.2
1025,425,14,3,1607,752.53,0.0
1026,425,3,2,6489,3426.83,0.1
1027,425,5,1,10130,4910.43,0.0
1028,425,19,3,11816,8729.09,0.15
1029,426,15,1,2539,1187.28,0.05
1030,426,19,2,11816,8729.09,0.2
1031,426,22,1,760,401.38,0.15
1032,426,10,2,3896,2937.27,0.0
1033,427,20,1,6178,4515.34,0.05
1034,428,23,3,2929,1870.19,0.05
1035,428,13,3,5603,2560.45,0.0
1036,429,9,1,3995,1987.42,0.15
1037,430,20,3,6178,4515.34,0.15
1038,430,15,1,2539,1187.28,0.2
1039,430,16,3,2302,1484.97,0.2
1040,430,5,2,10130,4910.43,0.0
1041,431,24,3,3180,1867.83,0.1
1042,431,14,3,1607,752.53,0.1
1043,431,17,1,6312,3660.32,0.15
1044,431,21,3,6554,3341.85,0.05
1045,432,18,3,8248,4577.12,0.2
1046,432,13,3,5603,2560.45,0.15
1047,432,7,3,5836,2907.71,0.0
1048,433,24,1,3180,1867.83,0.1
1049,433,20,2,6178,4515.34,0.2
1050,433,12,3,2194,1098.52,0.05
1051,434,3,3,6489,3426.83,0.0
1052,434,8,3,7234,5223.95,0.05
1053,435,23,2,2929,1870.19,0.2
1054,436,10,2,3896,2937.27,0.15
1055,437,8,3,7234,5223.95,0.05
1056,437,4,3,3162,2201.34,0.2
1057,437,2,3,7910,4744.31,0.2
1058,438,14,2,1607,752.53,0.1
1059,438,16,2,2302,1484.97,0.15
1060,438,14,1,1607,752.53,0.0
1061,439,5,3,10130,4910.43,0.0
1062,439,10,1,3896,2937.27,0.0
1063,439,21,2,6554,3341.85,0.0
1064,440,13,2,5603,2560.45,0.15
1065,440,7,1,5836,2907.71,0.1
1066,441,25,2,3566,2044.36,0.0
1067,442,8,2,7234,5223.95,0.1
1068,442,7,2,5836,2907.71,0.0
1069,442,17,3,6312,3660.32,0.2
1070,442,9,1,3995,1987.42,0.1
1071,443,6,1,9844,4646.02,0.0
1072,444,21,2,6554,3341.85,0.1
1073,445,7,2,5836,2907.71,0.15
1074,445,16,1,2302,1484.97,0.05
1075,445,12,1,2194,1098.52,0.15
1076,446,3,3,6489,3426.83,0.05
1077,446,1,2,1586,1167.73,0.1
1078,446,17,3,6312,3660.32,0.05
1079,447,4,2,3162,2201.34,0.0
1080,447,18,3,8248,4577.12,0.2
1081,447,24,1,3180,1867.83,0.0
1082,448,8,3,7234,5223.95,0.05
1083,449,9,1,3995,1987.42,0.1
1084,450,6,1,9844,4646.02,0.0
1085,450,12,1,2194,1098.52,0.05
1086,451,23,3,2929,1870.19,0.1
1087,451,22,1,760,401.38,0.15
1088,451,8,3,7234,5223.95,0.2
1089,452,11,3,7283,3961.64,0.2
1090,452,15,3,2539,1187.28,0.05
1091,453,14,2,1607,752.53,0.15
1092,453,19,2,11816,8729.09,0.0
1093,453,3,1,6489,3426.83,0.05
1094,454,20,2,6178,4515.34,0.0
1095,455,24,3,3180,1867.83,0.1
1096,455,13,1,5603,2560.45,0.15
1097,455,3,1,6489,3426.83,0.0
1098,455,13,1,5603,2560.45,0.0
1099,456,21,3,6554,3341.85,0.2
1100,456,9,3,3995,1987.42,0.2
1101,456,24,2,3180,1867.83,0.0
1102,457,15,1,2539,1187.28,0.05
1103,457,18,2,8248,4577.12,0.05
1104,457,9,1,3995,1987.42,0.0
1105,457,17,1,6312,3660.32,0.2
1106,458,21,3,6554,3341.85,0.1
1107,458,16,3,2302,1484.97,0.1
1108,459,12,2,2194,1098.52,0.0
1109,460,5,3,10130,4910.43,0.15
1110,460,21,3,6554,3341.85,0.2
1111,461,7,1,5836,2907.71,0.15
1112,461,23,2,2929,1870.19,0.15
1113,461,24,3,3180,1867.83,0.0
1114,461,17,1,6312,3660.32,0.2
1115,462,11,1,7283,3961.64,0.15
1116,463,12,3,2194,1098.52,0.2
1117,464,15,2,2539,1187.28,0.0
1118,464,20,1,6178,4515.34,0.0
1119,465,23,2,2929,1870.19,0.1
1120,465,7,1,5836,2907.71,0.05
1121,466,23,2,2929,1870.19,0.0
1122,466,19,2,11816,8729.09,0.05
1123,467,15,2,2539,1187.28,0.0
1124,467,10,2,3896,2937.27,0.05
1125,467,8,2,7234,5223.95,0.0
1126,468,20,3,6178,4515.34,0.15
1127,468,19,1,11816,8729.09,0.05
1128,469,22,1,760,401.38,0.0
1129,469,3,2,6489,3426.83,0.1
1130,469,8,3,7234,5223.95,0.15
1131,470,17,1,6312,3660.32,0.0
1132,470,13,2,5603,2560.45,0.0
1133,470,24,2,3180,1867.83,0.05
1134,471,25,2,3566,2044.36,0.2
1135,472,21,2,6554,3341.85,0.0
1136,472,24,2,3180,1867.83,0.2
1137,472,22,3,760,401.38,0.15
1138,472,17,2,6312,3660.32,0.0
1139,473,14,3,1607,752.53,0.0
1140,473,12,2,2194,1098.52,0.2
1141,473,8,1,7234,5223.95,0.05
1142,473,5,2,10130,4910.43,0.1
1143,474,7,1,5836,2907.71,0.0
1144,475,22,3,760,401.38,0.0
1145,476,25,2,3566,2044.36,0.0
1146,476,11,2,7283,3961.64,0.1
1147,476,13,3,5603,2560.45,0.15
1148,477,11,2,7283,3961.64,0.0
1149,477,7,3,5836,2907.71,0.2
1150,477,20,1,6178,4515.34,0.0
1151,478,23,3,2929,1870.19,0.0
1152,478,18,1,8248,4577.12,0.0
1153,478,14,1,1607,752.53,0.05
1154,479,12,3,2194,1098.52,0.0
1155,479,2,2,7910,4744.31,0.0
1156,479,18,1,8248,4577.12,0.1
1157,480,22,2,760,401.38,0.0
1158,480,6,3,9844,4646.02,0.2
1159,481,5,1,10130,4910.43,0.15
1160,481,5,3,10130,4910.43,0.05
1161,481,25,1,3566,2044.36,0.2
1162,481,6,1,9844,4646.02,0.15
1163,482,3,2,6489,3426.83,0.2
1164,483,22,2,760,401.38,0.15
1165,483,14,3,1607,752.53,0.1
1166,483,14,2,1607,752.53,0.1
1167,483,19,3,11816,8729.09,0.1
1168,484,1,1,1586,1167.73,0.1
1169,484,24,2,3180,1867.83,0.05
1170,485,22,3,760,401.38,0.2
1171,486,20,1,6178,4515.34,0.2
1172,486,4,1,3162,2201.34,0.0
1173,487,17,2,6312,3660.32,0.1
1174,487,13,1,5603,2560.45,0.0
1175,488,3,3,6489,3426.83,0.0
1176,488,3,2,6489,3426.83,0.0
1177,489,20,3,6178,4515.34,0.0
1178,490,15,3,2539,1187.28,0.05
1179,490,10,2,3896,2937.27,0.2
1180,490,18,1,8248,4577.12,0.05
1181,491,21,3,6554,3341.85,0.0
1182,491,15,2,2539,1187.28,0.1
1183,491,22,2,760,401.38,0.1
1184,491,17,3,6312,3660.32,0.15
1185,492,13,2,5603,2560.45,0.0
1186,493,3,1,6489,3426.83,0.0
1187,493,16,1,2302,1484.97,0.1
1188,493,19,3,11816,8729.09,0.0
1189,494,2,1,7910,4744.31,0.2
1190,495,1,2,1586,1167.73,0.0
1191,495,12,2,2194,1098.52,0.1
1192,496,7,2,5836,2907.71,0.0
1193,496,24,3,3180,1867.83,0.0
1194,496,17,3,6312,3660.32,0.1
1195,497,25,3,3566,2044.36,0.2
1196,497,19,1,11816,8729.09,0.05
1197,497,7,1,5836,2907.71,0.15
1198,497,21,2,6554,3341.85,0.15
1199,498,12,2,2194,1098.52,0.05
1200,498,6,3,9844,4646.02,0.15
1201,498,18,2,8248,4577.12,0.1
1202,498,24,2,3180,1867.83,0.05
1203,499,16,1,2302,1484.97,0.0
1204,499,20,2,6178,4515.34,0.05
1205,500,7,3,5836,2907.71,0.0
1206,500,10,2,3896,2937.27,0.2
1207,500,6,2,9844,4646.02,0.0
1208,500,2,3,7910,4744.31,0.15
1209,501,7,2,5836,2907.71,0.0
1210,501,21,2,6554,3341.85,0.0
1211,502,24,2,3180,1867.83,0.1
1212,502,24,2,3180,1867.83,0.0
1213,503,25,2,3566,2044.36,0.15
1214,503,14,1,1607,752.53,0.0
1215,504,11,3,7283,3961.64,0.0
1216,504,22,2,760,401.38,0.1
1217,505,6,1,9844,4646.02,0.15
1218,505,16,3,2302,1484.97,0.05
1219,505,1,1,1586,1167.73,0.05
1220,505,7,3,5836,2907.71,0.0
1221,506,7,1,5836,2907.71,0.05
1222,507,1,1,1586,1167.73,0.0
1223,507,5,1,10130,4910.43,0.0
1224,507,14,1,1607,752.53,0.0
1225,508,6,2,9844,4646.02,0.0
1226,508,13,3,5603,2560.45,0.05
1227,509,5,1,10130,4910.43,0.2
1228,510,17,2,6312,3660.32,0.1
1229,510,25,3,3566,2044.36,0.0
1230,510,10,3,3896,2937.27,0.05
1231,511,15,2,2539,1187.28,0.0
1232,511,10,2,3896,2937.27,0.2
1233,511,8,1,7234,5223.95,0.05
1234,512,17,2,6312,3660.32,0.0
1235,512,25,2,3566,2044.36,0.0
1236,513,15,2,2539,1187.28,0.15
1237,513,22,1,760,401.38,0.1
1238,514,3,2,6489,3426.83,0.0
1239,514,4,3,3162,2201.34,0.0
1240,514,7,3,5836,2907.71,0.2
1241,515,20,3,6178,4515.34,0.1
1242,515,1,3,1586,1167.73,0.0
1243,515,4,3,3162,2201.34,0.1
1244,516,7,3,5836,2907.71,0.05
1245,516,15,2,2539,1187.28,0.05
1246,516,9,3,3995,1987.42,0.1
1247,517,23,2,2929,1870.19,0.15
1248,518,20,2,6178,4515.34,0.15
1249,518,9,3,3995,1987.42,0.0
1250,518,23,1,2929,1870.19,0.1
1251,519,21,1,6554,3341.85,0.0
1252,519,21,3,6554,3341.85,0.0
1253,519,17,1,6312,3660.32,0.15
1254,519,11,1,7283,3961.64,0.0
1255,520,24,2,3180,1867.83,0.2
1256,521,20,1,6178,4515.34,0.0
1257,522,13,1,5603,2560.45,0.05
1258,522,18,1,8248,4577.12,0.1
1259,522,1,1,1586,1167.73,0.0
1260,522,18,3,8248,4577.12,0.0
1261,523,23,1,2929,1870.19,0.15
1262,523,15,1,2539,1187.28,0.0
1263,523,24,2,3180,1867.83,0.05
1264,523,9,3,3995,1987.42,0.0
1265,524,5,1,10130,4910.43,0.05
1266,524,5,2,10130,4910.43,0.0
1267,524,4,1,3162,2201.34,0.2
1268,524,24,2,3180,1867.83,0.05
1269,525,18,3,8248,4577.12,0.0
1270,525,18,2,8248,4577.12,0.2
1271,525,5,2,10130,4910.43,0.15
1272,526,18,2,8248,4577.12,0.0
1273,527,13,1,5603,2560.45,0.2
1274,528,6,2,9844,4646.02,0.1
1275,529,4,1,3162,2201.34,0.2
1276,529,14,3,1607,752.53,0.1
1277,529,2,2,7910,4744.31,0.15
1278,529,17,1,6312,3660.32,0.0
1279,530,3,2,6489,3426.83,0.15
1280,530,17,2,6312,3660.32,0.05
1281,530,7,1,5836,2907.71,0.15
1282,530,2,1,7910,4744.31,0.05
1283,531,14,1,1607,752.53,0.0
1284,531,2,3,7910,4744.31,0.15
1285,531,7,1,5836,2907.71,0.0
1286,532,12,3,2194,1098.52,0.1
1287,532,7,3,5836,2907.71,0.15
1288,532,20,3,6178,4515.34,0.0
1289,532,3,2,6489,3426.83,0.0
1290,533,10,2,3896,2937.27,0.15
1291,533,15,2,2539,1187.28,0.0
1292,534,11,1,7283,3961.64,0.05
1293,534,7,3,5836,2907.71,0.2
1294,535,10,2,3896,2937.27,0.15
1295,535,10,1,3896,2937.27,0.05
1296,535,7,2,5836,2907.71,0.0
1297,536,18,3,8248,4577.12,0.1
1298,537,5,2,10130,4910.43,0.1
1299,537,23,2,2929,1870.19,0.0
1300,538,12,2,2194,1098.52,0.05
1301,538,19,1,11816,8729.09,0.2
1302,538,5,2,10130,4910.43,0.0
1303,538,17,3,6312,3660.32,0.2
1304,539,23,2,2929,1870.19,0.0
1305,540,20,2,6178,4515.34,0.1
1306,541,16,1,2302,1484.97,0.0
1307,541,22,1,760,401.38,0.1
1308,542,21,2,6554,3341.85,0.0
1309,542,7,1,5836,2907.71,0.2
1310,542,8,2,7234,5223.95,0.0
1311,543,17,1,6312,3660.32,0.0
1312,543,19,1,11816,8729.09,0.05
1313,544,25,1,3566,2044.36,0.15
1314,544,14,3,1607,752.53,0.0
1315,544,22,1,760,401.38,0.2
1316,545,16,1,2302,1484.97,0.1
1317,546,6,1,9844,4646.02,0.0
1318,547,20,3,6178,4515.34,0.15
1319,547,14,1,1607,752.53,0.2
1320,548,19,2,11816,8729.09,0.15
1321,548,23,2,2929,1870.19,0.2
1322,549,22,2,760,401.38,0.2
1323,550,2,1,7910,4744.31,0.0
1324,550,9,2,3995,1987.42,0.1
1325,550,7,1,5836,2907.71,0.0
1326,550,24,3,3180,1867.83,0.0
1327,551,18,3,8248,4577.12,0.0
1328,551,17,1,6312,3660.32,0.15
1329,551,15,1,2539,1187.28,0.15
1330,551,17,2,6312,3660.32,0.0
1331,552,8,3,7234,5223.95,0.0
1332,552,10,3,3896,2937.27,0.1
1333,553,12,2,2194,1098.52,0.0
1334,553,4,3,3162,2201.34,0.15
1335,554,7,2,5836,2907.71,0.0
1336,554,23,1,2929,1870.19,0.15
1337,554,9,3,3995,1987.42,0.05
1338,554,2,1,7910,4744.31,0.15
1339,555,7,1,5836,2907.71,0.1
1340,555,18,3,8248,4577.12,0.2
1341,555,4,2,3162,2201.34,0.0
1342,556,18,1,8248,4577.12,0.0
1343,557,15,3,2539,1187.28,0.1
1344,557,2,1,7910,4744.31,0.15
1345,557,1,2,1586,1167.73,0.0
1346,557,8,2,7234,5223.95,0.0
1347,558,2,1,7910,4744.31,0.15
1348,559,19,1,11816,8729.09,0.15
1349,560,5,2,10130,4910.43,0.0
1350,560,5,2,10130,4910.43,0.0
1351,561,10,1,3896,2937.27,0.05
1352,562,22,1,760,401.38,0.15
1353,563,20,3,6178,4515.34,0.0
1354,563,25,3,3566,2044.36,0.0
1355,564,16,1,2302,1484.97,0.15
1356,565,5,2,10130,4910.43,0.0
1357,566,25,2,3566,2044.36,0.15
1358,566,5,3,10130,4910.43,0.1
1359,567,9,1,3995,1987.42,0.0
1360,567,22,3,760,401.38,0.05
1361,567,18,1,8248,4577.12,0.0
1362,568,19,1,11816,8729.09,0.15
1363,568,13,3,5603,2560.45,0.0
1364,568,1,1,1586,1167.73,0.2
1365,568,3,3,6489,3426.83,0.15
1366,569,4,2,3162,2201.34,0.0
1367,570,1,1,1586,1167.73,0.1
1368,570,13,3,5603,2560.45,0.0
1369,570,17,3,6312,3660.32,0.05
1370,571,3,2,6489,3426.83,0.0
1371,571,15,3,2539,1187.28,0.1
1372,571,20,1,6178,4515.34,0.2
1373,572,17,2,6312,3660.32,0.2
1374,572,22,2,760,401.38,0.0
1375,572,1,1,1586,1167.73,0.0
1376,573,3,2,6489,3426.83,0.05
1377,573,5,3,10130,4910.43,0.2
1378,573,20,3,6178,4515.34,0.1
1379,573,17,1,6312,3660.32,0.2
1380,574,16,1,2302,1484.97,0.15
1381,574,8,1,7234,5223.95,0.0
1382,575,21,1,6554,3341.85,0.15
1383,575,8,3,7234,5223.95,0.0
1384,575,4,3,3162,2201.34,0.15
1385,576,5,1,10130,4910.43,0.1
1386,576,9,2,3995,1987.42,0.0
1387,577,4,2,3162,2201.34,0.05
1388,578,1,1,1586,1167.73,0.05
1389,579,7,2,5836,2907.71,0.15
1390,579,9,2,3995,1987.42,0.2
1391,580,23,3,2929,1870.19,0.0
1392,580,4,1,3162,2201.34,0.2
1393,580,14,1,1607,752.53,0.05
1394,581,22,1,760,401.38,0.05
1395,581,4,3,3162,2201.34,0.1
1396,581,14,2,1607,752.53,0.0
1397,582,1,1,1586,1167.73,0.15
1398,582,3,1,6489,3426.83,0.15
1399,582,8,1,7234,5223.95,0.1
1400,583,2,1,7910,4744.31,0.15
1401,584,12,3,2194,1098.52,0.05
1402,585,5,3,10130,4910.43,0.15
1403,585,9,3,3995,1987.42,0.0
1404,586,8,2,7234,5223.95,0.0
1405,586,17,3,6312,3660.32,0.15
1406,586,15,3,2539,1187.28,0.1
1407,586,21,1,6554,3341.85,0.05
1408,587,9,3,3995,1987.42,0.0
1409,588,1,1,1586,1167.73,0.0
1410,588,3,1,6489,3426.83,0.0
1411,589,1,2,1586,1167.73,0.0
1412,589,11,1,7283,3961.64,0.0
1413,589,4,2,3162,2201.34,0.05
1414,590,19,2,11816,8729.09,0.1
1415,590,13,1,5603,2560.45,0.05
1416,590,1,3,1586,1167.73,0.05
1417,591,22,2,760,401.38,0.0
1418,591,1,1,1586,1167.73,0.2
1419,592,7,3,5836,2907.71,0.2
1420,592,3,3,6489,3426.83,0.05
1421,593,6,1,9844,4646.02,0.05
1422,594,3,3,6489,3426.83,0.15
1423,595,20,2,6178,4515.34,0.05
1424,595,8,2,7234,5223.95,0.0
1425,595,5,3,10130,4910.43,0.2
1426,596,20,1,6178,4515.34,0.0
1427,597,20,3,6178,4515.34,0.0
1428,597,21,2,6554,3341.85,0.1
1429,598,11,1,7283,3961.64,0.2
1430,598,23,2,2929,1870.19,0.1
1431,598,6,1,9844,4646.02,0.2
1432,598,13,1,5603,2560.45,0.15
1433,599,12,2,2194,1098.52,0.0
1434,600,15,3,2539,1187.28,0.15
1435,600,8,3,7234,5223.95,0.1
1436,600,5,2,10130,4910.43,0.15
1437,601,5,1,10130,4910.43,0.15
1438,602,21,3,6554,3341.85,0.0
1439,602,15,3,2539,1187.28,0.15
1440,602,9,2,3995,1987.42,0.2
1441,603,23,1,2929,1870.19,0.0
1442,604,8,2,7234,5223.95,0.1
1443,604,15,3,2539,1187.28,0.05
1444,605,17,3,6312,3660.32,0.0
1445,606,15,3,2539,1187.28,0.1
1446,606,4,1,3162,2201.34,0.15
1447,607,9,2,3995,1987.42,0.05
1448,607,4,2,3162,2201.34,0.05
1449,607,1,3,1586,1167.73,0.1
1450,608,1,1,1586,1167.73,0.05
1451,608,13,3,5603,2560.45,0.05
1452,608,16,1,2302,1484.97,0.1
1453,608,23,2,2929,1870.19,0.05
1454,609,8,1,7234,5223.95,0.2
1455,610,14,2,1607,752.53,0.0
1456,610,15,3,2539,1187.28,0.2
1457,610,14,3,1607,752.53,0.2
1458,611,7,3,5836,2907.71,0.0
1459,612,25,2,3566,2044.36,0.0
1460,613,24,3,3180,1867.83,0.0
1461,613,19,1,11816,8729.09,0.0
1462,613,18,2,8248,4577.12,0.1
1463,613,22,1,760,401.38,0.1
1464,614,13,3,5603,2560.45,0.0
1465,614,22,3,760,401.38,0.15
1466,614,11,2,7283,3961.64,0.05
1467,615,19,1,11816,8729.09,0.15
1468,615,17,3,6312,3660.32,0.0
1469,615,14,2,1607,752.53,0.1
1470,616,16,1,2302,1484.97,0.05
1471,616,16,1,2302,1484.97,0.15
1472,617,22,1,760,401.38,0.2
1473,618,17,1,6312,3660.32,0.05
1474,618,9,1,3995,1987.42,0.05
1475,619,22,3,760,401.38,0.15
1476,620,19,2,11816,8729.09,0.0
1477,620,14,3,1607,752.53,0.2
1478,620,12,1,2194,1098.52,0.15
1479,620,2,1,7910,4744.31,0.1
1480,621,9,2,3995,1987.42,0.0
1481,621,15,2,2539,1187.28,0.0
1482,622,2,1,7910,4744.31,0.2
1483,623,4,2,3162,2201.34,0.0
1484,623,17,3,6312,3660.32,0.15
1485,623,7,1,5836,2907.71,0.2
1486,623,21,1,6554,3341.85,0.15
1487,624,1,1,1586,1167.73,0.0
1488,624,4,3,3162,2201.34,0.1
1489,624,20,1,6178,4515.34,0.2
1490,625,1,1,1586,1167.73,0.15
1491,626,20,2,6178,4515.34,0.0
1492,626,10,1,3896,2937.27,0.15
1493,627,2,2,7910,4744.31,0.05
1494,627,8,2,7234,5223.95,0.0
1495,627,20,3,6178,4515.34,0.15
1496,627,11,2,7283,3961.64,0.05
1497,628,11,2,7283,3961.64,0.1
1498,628,18,2,8248,4577.12,0.15
1499,629,5,3,10130,4910.43,0.0
1500,629,15,1,2539,1187.28,0.05
1501,629,9,3,3995,1987.42,0.0
1502,629,21,3,6554,3341.85,0.1
1503,630,19,1,11816,8729.09,0.15
1504,631,6,2,9844,4646.02,0.05
1505,631,8,2,7234,5223.95,0.2
1506,631,1,3,1586,1167.73,0.2
1507,631,14,2,1607,752.53,0.05
1508,632,6,3,9844,4646.02,0.15
1509,632,19,2,11816,8729.09,0.05
1510,632,11,3,7283,3961.64,0.2
1511,632,11,3,7283,3961.64,0.1
1512,633,17,3,6312,3660.32,0.15
1513,633,1,2,1586,1167.73,0.15
1514,633,13,2,5603,2560.45,0.15
1515,634,7,2,5836,2907.71,0.2
1516,634,16,3,2302,1484.97,0.0
1517,635,12,3,2194,1098.52,0.2
1518,635,19,3,11816,8729.09,0.1
1519,635,22,1,760,401.38,0.0
1520,635,14,3,1607,752.53,0.15
1521,636,22,3,760,401.38,0.0
1522,636,15,2,2539,1187.28,0.15
1523,636,13,3,5603,2560.45,0.05
1524,637,4,2,3162,2201.34,0.2
1525,637,25,2,3566,2044.36,0.05
1526,637,2,3,7910,4744.31,0.0
1527,637,1,2,1586,1167.73,0.0
1528,638,8,3,7234,5223.95,0.1
1529,638,6,3,9844,4646.02,0.1
1530,638,21,1,6554,3341.85,0.0
1531,639,19,2,11816,8729.09,0.1
1532,639,23,2,2929,1870.19,0.0
1533,639,4,1,3162,2201.34,0.1
1534,639,12,2,2194,1098.52,0.05
1535,640,3,1,6489,3426.83,0.2
1536,641,14,1,1607,752.53,0.05
1537,641,4,2,3162,2201.34,0.0
1538,641,8,1,7234,5223.95,0.15
1539,642,24,2,3180,1867.83,0.1
1540,642,11,2,7283,3961.64,0.1
1541,642,18,2,8248,4577.12,0.1
1542,643,5,1,10130,4910.43,0.2
1543,643,9,3,3995,1987.42,0.15
1544,643,22,1,760,401.38,0.05
1545,643,15,3,2539,1187.28,0.0
1546,644,25,1,3566,2044.36,0.0
1547,644,8,3,7234,5223.95,0.05
1548,644,8,1,7234,5223.95,0.1
1549,644,10,1,3896,2937.27,0.15
1550,645,19,1,11816,8729.09,0.0
1551,645,2,3,7910,4744.31,0.1
1552,645,20,2,6178,4515.34,0.05
1553,646,23,3,2929,1870.19,0.15
1554,646,25,2,3566,2044.36,0.0
1555,647,10,1,3896,2937.27,0.05
1556,647,21,1,6554,3341.85,0.0
1557,647,6,3,9844,4646.02,0.05
1558,647,3,1,6489,3426.83,0.0
1559,648,22,3,760,401.38,0.2
1560,648,8,3,7234,5223.95,0.0
1561,648,11,3,7283,3961.64,0.0
1562,649,13,3,5603,2560.45,0.0
1563,650,1,2,1586,1167.73,0.0
1564,650,7,1,5836,2907.71,0.1
1565,650,5,1,10130,4910.43,0.0
1566,650,9,2,3995,1987.42,0.05
1567,651,1,3,1586,1167.73,0.2
1568,651,16,2,2302,1484.97,0.15
1569,651,12,2,2194,1098.52,0.05
1570,652,8,3,7234,5223.95,0.1
1571,652,16,1,2302,1484.97,0.0
1572,653,21,2,6554,3341.85,0.15
1573,654,23,1,2929,1870.19,0.15
1574,654,23,2,2929,1870.19,0.0
1575,654,5,1,10130,4910.43,0.0
1576,654,19,3,11816,8729.09,0.1
1577,655,12,2,2194,1098.52,0.0
1578,655,2,2,7910,4744.31,0.15
1579,656,21,2,6554,3341.85,0.1
1580,656,17,1,6312,3660.32,0.15
1581,657,17,1,6312,3660.32,0.05
1582,657,2,3,7910,4744.31,0.15
1583,657,7,2,5836,2907.71,0.0
1584,657,10,1,3896,2937.27,0.0
1585,658,8,3,7234,5223.95,0.0
1586,658,23,1,2929,1870.19,0.1
1587,658,6,3,9844,4646.02,0.0
1588,658,22,1,760,401.38,0.1
1589,659,17,3,6312,3660.32,0.1
1590,659,2,1,7910,4744.31,0.0
1591,660,23,1,2929,1870.19,0.15
1592,660,10,1,3896,2937.27,0.0
1593,661,9,1,3995,1987.42,0.2
1594,662,23,2,2929,1870.19,0.2
1595,662,16,3,2302,1484.97,0.0
1596,662,1,2,1586,1167.73,0.2
1597,663,10,1,3896,2937.27,0.2
1598,663,15,1,2539,1187.28,0.0
1599,663,22,1,760,401.38,0.0
1600,663,19,1,11816,8729.09,0.0
1601,664,13,1,5603,2560.45,0.0
1602,664,20,1,6178,4515.34,0.1
1603,664,9,2,3995,1987.42,0.2
1604,665,10,3,3896,2937.27,0.0
1605,665,6,2,9844,4646.02,0.1
1606,666,6,3,9844,4646.02,0.2
1607,666,11,1,7283,3961.64,0.0
1608,666,15,1,2539,1187.28,0.05
1609,667,19,3,11816,8729.09,0.0
1610,667,7,2,5836,2907.71,0.1
1611,668,2,1,7910,4744.31,0.0
1612,668,17,1,6312,3660.32,0.0
1613,668,17,3,6312,3660.32,0.05
1614,669,22,1,760,401.38,0.15
1615,669,24,3,3180,1867.83,0.1
1616,669,19,3,11816,8729.09,0.2
1617,670,19,2,11816,8729.09,0.15
1618,670,21,3,6554,3341.85,0.1
1619,671,15,2,2539,1187.28,0.15
1620,671,22,1,760,401.38,0.05
1621,671,19,3,11816,8729.09,0.15
1622,672,16,1,2302,1484.97,0.1
1623,672,18,1,8248,4577.12,0.15
1624,672,14,3,1607,752.53,0.0
1625,672,23,2,2929,1870.19,0.1
1626,673,5,3,10130,4910.43,0.2
1627,673,6,1,9844,4646.02,0.05
1628,673,19,3,11816,8729.09,0.15
1629,673,20,2,6178,4515.34,0.1
1630,674,1,3,1586,1167.73,0.15
1631,675,3,3,6489,3426.83,0.0
1632,676,20,1,6178,4515.34,0.1
1633,676,6,3,9844,4646.02,0.0
1634,676,19,2,11816,8729.09,0.15
1635,676,12,1,2194,1098.52,0.15
1636,677,9,2,3995,1987.42,0.0
1637,677,8,1,7234,5223.95,0.0
1638,678,4,3,3162,2201.34,0.05
1639,679,8,1,7234,5223.95,0.15
1640,680,21,2,6554,3341.85,0.0
1641,680,9,1,3995,1987.42,0.1
1642,680,8,2,7234,5223.95,0.1
1643,680,24,2,3180,1867.83,0.2
1644,681,21,2,6554,3341.85,0.15
1645,681,9,2,3995,1987.42,0.05
1646,681,18,2,8248,4577.12,0.0
1647,682,25,2,3566,2044.36,0.0
1648,683,24,2,3180,1867.83,0.0
1649,683,9,2,3995,1987.42,0.15
1650,684,14,1,1607,752.53,0.2
1651,684,9,2,3995,1987.42,0.15
1652,684,1,1,1586,1167.73,0.15
1653,684,9,1,3995,1987.42,0.0
1654,685,15,1,2539,1187.28,0.1
1655,686,20,2,6178,4515.34,0.05
1656,686,1,1,1586,1167.73,0.0
1657,687,2,1,7910,4744.31,0.1
1658,688,2,1,7910,4744.31,0.05
1659,689,16,3,2302,1484.97,0.0
1660,689,20,3,6178,4515.34,0.1
1661,689,22,1,760,401.38,0.2
1662,690,18,2,8248,4577.12,0.0
1663,691,2,1,7910,4744.31,0.0
1664,691,18,3,8248,4577.12,0.2
1665,692,16,1,2302,1484.97,0.1
1666,692,14,1,1607,752.53,0.1
1667,693,8,1,7234,5223.95,0.0
1668,693,9,3,3995,1987.42,0.2
1669,693,16,2,2302,1484.97,0.1
1670,694,20,2,6178,4515.34,0.1
1671,694,12,1,2194,1098.52,0.0
1672,694,2,2,7910,4744.31,0.15
1673,695,20,3,6178,4515.34,0.05
1674,696,22,2,760,401.38,0.1
1675,696,17,1,6312,3660.32,0.1
1676,696,2,3,7910,4744.31,0.2
1677,697,16,3,2302,1484.97,0.1
1678,697,6,1,9844,4646.02,0.0
1679,697,14,2,1607,752.53,0.1
1680,698,22,2,760,401.38,0.05
1681,698,16,1,2302,1484.97,0.0
1682,699,11,3,7283,3961.64,0.15
1683,700,12,3,2194,1098.52,0.0
1684,701,9,1,3995,1987.42,0.2
1685,702,15,1,2539,1187.28,0.0
1686,702,5,2,10130,4910.43,0.15
1687,703,22,1,760,401.38,0.0
1688,703,3,3,6489,3426.83,0.0
1689,704,11,1,7283,3961.64,0.0
1690,704,4,3,3162,2201.34,0.0
1691,704,1,3,1586,1167.73,0.05
1692,705,23,2,2929,1870.19,0.15
1693,705,22,2,760,401.38,0.0
1694,705,25,1,3566,2044.36,0.0
1695,706,22,3,760,401.38,0.2
1696,707,4,3,3162,2201.34,0.1
1697,707,13,2,5603,2560.45,0.15
1698,707,14,3,1607,752.53,0.2
1699,708,8,1,7234,5223.95,0.05
1700,708,22,1,760,401.38,0.1
1701,708,5,2,10130,4910.43,0.0
1702,709,18,1,8248,4577.12,0.1
1703,709,3,2,6489,3426.83,0.1
1704,709,17,1,6312,3660.32,0.15
1705,709,12,3,2194,1098.52,0.1
1706,710,4,2,3162,2201.34,0.0
1707,710,12,3,2194,1098.52,0.2
1708,710,8,2,7234,5223.95,0.1
1709,710,10,1,3896,2937.27,0.0
1710,711,14,2,1607,752.53,0.1
1711,711,20,2,6178,4515.34,0.05
1712,711,6,3,9844,4646.02,0.2
1713,711,5,2,10130,4910.43,0.0
1714,712,8,2,7234,5223.95,0.0
1715,713,3,1,6489,3426.83,0.0
1716,713,23,2,2929,1870.19,0.1
1717,713,20,2,6178,4515.34,0.0
1718,713,13,3,5603,2560.45,0.0
1719,714,7,2,5836,2907.71,0.05
1720,715,13,3,5603,2560.45,0.0
1721,715,9,1,3995,1987.42,0.2
1722,716,9,2,3995,1987.42,0.15
1723,717,9,1,3995,1987.42,0.15
1724,717,3,3,6489,3426.83,0.2
1725,717,22,1,760,401.38,0.0
1726,717,11,2,7283,3961.64,0.2
1727,718,18,1,8248,4577.12,0.0
1728,718,2,2,7910,4744.31,0.0
1729,718,25,1,3566,2044.36,0.2
1730,718,17,1,6312,3660.32,0.0
1731,719,14,1,1607,752.53,0.0
1732,719,18,3,8248,4577.12,0.0
1733,720,3,2,6489,3426.83,0.05
1734,720,17,1,6312,3660.32,0.0
1735,721,16,3,2302,1484.97,0.1
1736,722,18,1,8248,4577.12,0.1
1737,722,2,2,7910,4744.31,0.0
1738,722,23,1,2929,1870.19,0.1
1739,723,25,2,3566,2044.36,0.05
1740,723,3,2,6489,3426.83,0.05
1741,724,6,1,9844,4646.02,0.05
1742,725,6,1,9844,4646.02,0.05
1743,725,2,3,7910,4744.31,0.05
1744,726,14,2,1607,752.53,0.15
1745,726,3,3,6489,3426.83,0.0
1746,726,1,1,1586,1167.73,0.0
1747,726,1,3,1586,1167.73,0.0
1748,727,9,1,3995,1987.42,0.0
1749,727,17,3,6312,3660.32,0.0
1750,727,9,3,3995,1987.42,0.2
1751,728,14,2,1607,752.53,0.0
1752,728,2,2,7910,4744.31,0.15
1753,729,7,2,5836,2907.71,0.0
1754,730,5,3,10130,4910.43,0.1
1755,731,7,2,5836,2907.71,0.1
1756,731,7,3,5836,2907.71,0.05
1757,731,25,1,3566,2044.36,0.0
1758,732,25,1,3566,2044.36,0.05
1759,733,19,3,11816,8729.09,0.0
1760,733,24,2,3180,1867.83,0.1
1761,733,18,2,8248,4577.12,0.1
1762,733,13,2,5603,2560.45,0.2
1763,734,9,3,3995,1987.42,0.1
1764,735,4,1,3162,2201.34,0.05
1765,735,17,1,6312,3660.32,0.15
1766,735,22,2,760,401.38,0.05
1767,735,2,3,7910,4744.31,0.2
1768,736,18,1,8248,4577.12,0.15
1769,736,24,3,3180,1867.83,0.05
1770,736,14,1,1607,752.53,0.1
1771,736,7,2,5836,2907.71,0.0
1772,737,18,2,8248,4577.12,0.2
1773,738,14,2,1607,752.53,0.05
1774,739,22,1,760,401.38,0.0
1775,739,8,3,7234,5223.95,0.0
1776,740,13,3,5603,2560.45,0.15
1777,740,18,3,8248,4577.12,0.0
1778,740,12,2,2194,1098.52,0.0
1779,740,3,1,6489,3426.83,0.15
1780,741,18,3,8248,4577.12,0.2
1781,741,23,1,2929,1870.19,0.15
1782,741,10,2,3896,2937.27,0.1
1783,742,5,1,10130,4910.43,0.0
1784,742,21,2,6554,3341.85,0.05
1785,742,17,2,6312,3660.32,0.1
1786,742,2,1,7910,4744.31,0.2
1787,743,9,1,3995,1987.42,0.0
1788,743,19,1,11816,8729.09,0.0
1789,744,24,1,3180,1867.83,0.1
1790,744,1,2,1586,1167.73,0.0
1791,744,2,3,7910,4744.31,0.0
1792,744,12,1,2194,1098.52,0.15
1793,745,11,1,7283,3961.64,0.0
1794,745,6,1,9844,4646.02,0.0
1795,745,6,2,9844,4646.02,0.0
1796,745,16,2,2302,1484.97,0.15
1797,746,8,2,7234,5223.95,0.1
1798,746,11,2,7283,3961.64,0.05
1799,747,17,1,6312,3660.32,0.2
1800,747,18,1,8248,4577.12,0.15
1801,747,15,3,2539,1187.28,0.05
1802,747,13,1,5603,2560.45,0.0
1803,748,20,2,6178,4515.34,0.1
1804,748,9,3,3995,1987.42,0.0
1805,748,7,3,5836,2907.71,0.1
1806,748,9,3,3995,1987.42,0.2
1807,749,18,3,8248,4577.12,0.1
1808,749,20,2,6178,4515.34,0.2
1809,750,25,2,3566,2044.36,0.0
1810,750,2,2,7910,4744.31,0.15
1811,751,13,3,5603,2560.45,0.1
1812,751,19,3,11816,8729.09,0.1
1813,751,2,2,7910,4744.31,0.0
1814,751,13,1,5603,2560.45,0.1
1815,752,13,1,5603,2560.45,0.2
1816,753,20,2,6178,4515.34,0.05
1817,754,1,1,1586,1167.73,0.05
1818,754,13,2,5603,2560.45,0.05
1819,754,7,1,5836,2907.71,0.0
1820,754,3,3,6489,3426.83,0.15
1821,755,25,1,3566,2044.36,0.05
1822,755,14,1,1607,752.53,0.05
1823,756,15,1,2539,1187.28,0.0
1824,756,11,3,7283,3961.64,0.0
1825,756,2,3,7910,4744.31,0.05
1826,757,14,2,1607,752.53,0.0
1827,757,14,3,1607,752.53,0.0
1828,757,10,1,3896,2937.27,0.1
1829,758,1,3,1586,1167.73,0.05
1830,758,10,2,3896,2937.27,0.1
1831,758,12,3,2194,1098.52,0.2
1832,759,25,1,3566,2044.36,0.0
1833,759,18,3,8248,4577.12,0.0
1834,760,14,3,1607,752.53,0.2
1835,760,17,3,6312,3660.32,0.2
1836,760,5,3,10130,4910.43,0.15
1837,761,9,2,3995,1987.42,0.05
1838,761,23,3,2929,1870.19,0.15
1839,761,17,1,6312,3660.32,0.2
1840,762,24,2,3180,1867.83,0.0
1841,763,25,2,3566,2044.36,0.1
1842,763,21,3,6554,3341.85,0.0
1843,763,25,2,3566,2044.36,0.2
1844,764,17,1,6312,3660.32,0.2
1845,764,3,3,6489,3426.83,0.0
1846,764,2,3,7910,4744.31,0.2
1847,764,3,1,6489,3426.83,0.1
1848,765,19,1,11816,8729.09,0.0
1849,765,18,1,8248,4577.12,0.1
1850,765,12,3,2194,1098.52,0.0
1851,765,20,3,6178,4515.34,0.0
1852,766,7,1,5836,2907.71,0.1
1853,766,15,1,2539,1187.28,0.0
1854,767,2,1,7910,4744.31,0.2
1855,767,7,3,5836,2907.71,0.05
1856,768,19,2,11816,8729.09,0.05
1857,769,15,3,2539,1187.28,0.15
1858,770,25,2,3566,2044.36,0.05
1859,771,18,1,8248,4577.12,0.05
1860,771,19,2,11816,8729.09,0.15
1861,771,18,1,8248,4577.12,0.1
1862,771,5,2,10130,4910.43,0.05
1863,772,14,2,1607,752.53,0.1
1864,772,16,3,2302,1484.97,0.2
1865,773,12,2,2194,1098.52,0.1
1866,773,18,2,8248,4577.12,0.0
1867,774,1,3,1586,1167.73,0.0
1868,774,16,3,2302,1484.97,0.0
1869,775,4,1,3162,2201.34,0.05
1870,776,17,1,6312,3660.32,0.2
1871,776,1,2,1586,1167.73,0.05
1872,776,13,3,5603,2560.45,0.2
1873,776,7,2,5836,2907.71,0.2
1874,777,8,2,7234,5223.95,0.15
1875,777,24,3,3180,1867.83,0.15
1876,778,13,3,5603,2560.45,0.1
1877,778,20,1,6178,4515.34,0.15
1878,779,12,1,2194,1098.52,0.15
1879,779,18,3,8248,4577.12,0.0
1880,780,13,2,5603,2560.45,0.2
1881,781,15,3,2539,1187.28,0.2
1882,781,1,3,1586,1167.73,0.05
1883,782,4,1,3162,2201.34,0.2
1884,782,24,1,3180,1867.83,0.2
1885,782,23,3,2929,1870.19,0.0
1886,782,15,3,2539,1187.28,0.2
1887,783,7,1,5836,2907.71,0.0
1888,784,13,3,5603,2560.45,0.05
1889,784,11,1,7283,3961.64,0.05
1890,784,5,2,10130,4910.43,0.2
1891,785,21,2,6554,3341.85,0.0
1892,785,18,1,8248,4577.12,0.2
1893,785,8,2,7234,5223.95,0.15
1894,786,10,2,3896,2937.27,0.0
1895,787,1,2,1586,1167.73,0.0
1896,787,14,3,1607,752.53,0.15
1897,787,6,1,9844,4646.02,0.15
1898,787,21,1,6554,3341.85,0.0
1899,788,24,3,3180,1867.83,0.15
1900,788,1,3,1586,1167.73,0.15
1901,789,23,2,2929,1870.19,0.0
1902,789,16,3,2302,1484.97,0.0
1903,789,21,1,6554,3341.85,0.2
1904,789,14,1,1607,752.53,0.0
1905,790,22,1,760,401.38,0.2
1906,790,24,1,3180,1867.83,0.1
1907,791,22,2,760,401.38,0.0
1908,792,7,1,5836,2907.71,0.2
1909,793,15,3,2539,1187.28,0.2
1910,793,4,1,3162,2201.34,0.0
1911,793,18,2,8248,4577.12,0.0
1912,794,9,3,3995,1987.42,0.2
1913,794,20,2,6178,4515.34,0.2
1914,794,19,2,11816,8729.09,0.05
1915,795,25,1,3566,2044.36,0.15
1916,796,13,3,5603,2560.45,0.0
1917,797,13,1,5603,2560.45,0.15
1918,797,13,2,5603,2560.45,0.15
1919,797,18,1,8248,4577.12,0.15
1920,797,14,3,1607,752.53,0.1
1921,798,19,2,11816,8729.09,0.0
1922,798,10,2,3896,2937.27,0.15
1923,798,15,2,2539,1187.28,0.0
1924,798,18,2,8248,4577.12,0.0
1925,799,11,2,7283,3961.64,0.0
1926,800,6,1,9844,4646.02,0.05
1927,800,19,3,11816,8729.09,0.0
1928,800,19,3,11816,8729.09,0.0
1929,801,20,1,6178,4515.34,0.0
1930,801,6,1,9844,4646.02,0.05
1931,801,3,3,6489,3426.83,0.1
1932,802,13,1,5603,2560.45,0.15
1933,802,19,1,11816,8729.09,0.1
1934,803,20,1,6178,4515.34,0.1
1935,804,9,2,3995,1987.42,0.05
1936,805,19,2,11816,8729.09,0.0
1937,805,22,3,760,401.38,0.15
1938,806,13,1,5603,2560.45,0.1
1939,806,7,3,5836,2907.71,0.05
1940,806,23,2,2929,1870.19,0.1
1941,807,10,3,3896,2937.27,0.15
1942,807,5,2,10130,4910.43,0.05
1943,808,19,1,11816,8729.09,0.0
1944,808,16,1,2302,1484.97,0.2
1945,808,20,3,6178,4515.34,0.1
1946,809,1,3,1586,1167.73,0.1
1947,809,8,1,7234,5223.95,0.1
1948,810,6,1,9844,4646.02,0.05
1949,810,15,1,2539,1187.28,0.05
1950,810,14,1,1607,752.53,0.1
1951,811,8,1,7234,5223.95,0.2
1952,812,21,3,6554,3341.85,0.0
1953,812,10,3,3896,2937.27,0.1
1954,812,1,2,1586,1167.73,0.15
1955,812,21,2,6554,3341.85,0.0
1956,813,8,2,7234,5223.95,0.0
1957,813,7,1,5836,2907.71,0.0
1958,814,15,1,2539,1187.28,0.2
1959,814,12,3,2194,1098.52,0.05
1960,814,13,2,5603,2560.45,0.0
1961,814,14,3,1607,752.53,0.0
1962,815,25,2,3566,2044.36,0.1
1963,815,23,2,2929,1870.19,0.0
1964,815,14,1,1607,752.53,0.05
1965,816,15,1,2539,1187.28,0.0
1966,816,18,3,8248,4577.12,0.15
1967,816,11,2,7283,3961.64,0.05
1968,817,25,2,3566,2044.36,0.0
1969,818,5,2,10130,4910.43,0.1
1970,818,25,3,3566,2044.36,0.2
1971,818,6,1,9844,4646.02,0.2
1972,819,17,1,6312,3660.32,0.0
1973,820,17,2,6312,3660.32,0.1
1974,821,21,2,6554,3341.85,0.2
1975,821,12,2,2194,1098.52,0.2
1976,821,16,3,2302,1484.97,0.15
1977,822,22,2,760,401.38,0.0
1978,822,9,3,3995,1987.42,0.0
1979,823,20,2,6178,4515.34,0.2
1980,823,14,3,1607,752.53,0.2
1981,824,3,1,6489,3426.83,0.0
1982,824,1,2,1586,1167.73,0.2
1983,824,12,1,2194,1098.52,0.05
1984,825,20,2,6178,4515.34,0.0
1985,826,16,3,2302,1484.97,0.05
1986,826,1,1,1586,1167.73,0.05
1987,826,10,3,3896,2937.27,0.05
1988,826,22,1,760,401.38,0.05
1989,827,19,2,11816,8729.09,0.15
1990,827,13,3,5603,2560.45,0.2
1991,828,3,1,6489,3426.83,0.0
1992,828,17,2,6312,3660.32,0.2
1993,828,8,2,7234,5223.95,0.15
1994,829,3,2,6489,3426.83,0.05
1995,829,24,3,3180,1867.83,0.2
1996,829,22,2,760,401.38,0.15
1997,830,19,3,11816,8729.09,0.15
1998,831,14,3,1607,752.53,0.15
1999,831,16,1,2302,1484.97,0.1
2000,831,17,3,6312,3660.32,0.05
2001,831,13,2,5603,2560.45,0.0
2002,832,11,3,7283,3961.64,0.15
2003,832,4,1,3162,2201.34,0.05
2004,832,24,1,3180,1867.83,0.0
2005,833,18,2,8248,4577.12,0.0
2006,833,9,2,3995,1987.42,0.0
2007,833,18,3,8248,4577.12,0.0
2008,833,7,1,5836,2907.71,0.15
2009,834,2,2,7910,4744.31,0.15
2010,835,17,2,6312,3660.32,0.0
2011,835,4,3,3162,2201.34,0.2
2012,836,10,1,3896,2937.27,0.05
2013,836,18,2,8248,4577.12,0.2
2014,836,25,1,3566,2044.36,0.0
2015,837,3,1,6489,3426.83,0.1
2016,837,17,3,6312,3660.32,0.15
2017,837,6,1,9844,4646.02,0.1
2018,837,14,3,1607,752.53,0.1
2019,838,22,3,760,401.38,0.0
2020,839,22,3,760,401.38,0.0
2021,839,8,3,7234,5223.95,0.2
2022,840,15,1,2539,1187.28,0.15
2023,840,17,2,6312,3660.32,0.15
2024,841,25,3,3566,2044.36,0.15
2025,841,14,3,1607,752.53,0.0
2026,841,13,2,5603,2560.45,0.2
2027,842,23,3,2929,1870.19,0.0
2028,843,19,1,11816,8729.09,0.0
2029,843,11,1,7283,3961.64,0.0
2030,843,25,3,3566,2044.36,0.05
2031,843,6,1,9844,4646.02,0.2
2032,844,12,2,2194,1098.52,0.05
2033,844,24,2,3180,1867.83,0.2
2034,845,18,3,8248,4577.12,0.0
2035,845,24,3,3180,1867.83,0.2
2036,846,3,3,6489,3426.83,0.0
2037,847,2,3,7910,4744.31,0.15
2038,847,12,3,2194,1098.52,0.0
2039,848,4,2,3162,2201.34,0.1
2040,848,14,2,1607,752.53,0.1
2041,848,13,1,5603,2560.45,0.0
2042,849,16,3,2302,1484.97,0.2
2043,849,13,1,5603,2560.45,0.1
2044,849,16,1,2302,1484.97,0.2
2045,849,22,1,760,401.38,0.05
2046,850,10,1,3896,2937.27,0.0
2047,850,12,2,2194,1098.52,0.0
2048,851,17,3,6312,3660.32,0.0
2049,851,22,2,760,401.38,0.0
2050,851,18,1,8248,4577.12,0.0
2051,852,6,1,9844,4646.02,0.0
2052,852,1,2,1586,1167.73,0.05
2053,852,1,2,1586,1167.73,0.0
2054,853,23,1,2929,1870.19,0.0
2055,853,19,1,11816,8729.09,0.2
2056,853,12,1,2194,1098.52,0.2
2057,854,4,3,3162,2201.34,0.0
2058,854,17,2,6312,3660.32,0.15
2059,855,3,1,6489,3426.83,0.2
2060,855,15,2,2539,1187.28,0.0
2061,855,8,3,7234,5223.95,0.15
2062,855,23,2,2929,1870.19,0.05
2063,856,15,1,2539,1187.28,0.05
2064,856,17,3,6312,3660.32,0.2
2065,857,18,1,8248,4577.12,0.15
2066,857,4,2,3162,2201.34,0.0
2067,857,25,1,3566,2044.36,0.2
2068,857,8,1,7234,5223.95,0.1
2069,858,3,2,6489,3426.83,0.0
2070,859,22,3,760,401.38,0.2
2071,859,24,1,3180,1867.83,0.05
2072,859,20,2,6178,4515.34,0.15
2073,859,20,3,6178,4515.34,0.0
2074,860,8,2,7234,5223.95,0.05
2075,860,22,3,760,401.38,0.15
2076,861,7,2,5836,2907.71,0.15
2077,861,20,3,6178,4515.34,0.05
2078,861,10,2,3896,2937.27,0.15
2079,862,12,1,2194,1098.52,0.1
2080,863,25,3,3566,2044.36,0.05
2081,863,20,2,6178,4515.34,0.2
2082,864,22,1,760,401.38,0.15
2083,865,11,1,7283,3961.64,0.0
2084,865,9,2,3995,1987.42,0.15
2085,866,16,2,2302,1484.97,0.2
2086,866,11,2,7283,3961.64,0.0
2087,867,11,2,7283,3961.64,0.0
2088,867,13,2,5603,2560.45,0.0
2089,868,14,3,1607,752.53,0.0
2090,869,2,3,7910,4744.31,0.05
2091,869,18,3,8248,4577.12,0.0
2092,869,7,1,5836,2907.71,0.1
2093,869,20,2,6178,4515.34,0.0
2094,870,4,2,3162,2201.34,0.1
2095,870,6,3,9844,4646.02,0.2
2096,870,10,3,3896,2937.27,0.15
2097,870,18,1,8248,4577.12,0.0
2098,871,16,2,2302,1484.97,0.0
2099,871,1,1,1586,1167.73,0.05
2100,872,14,1,1607,752.53,0.0
2101,872,1,2,1586,1167.73,0.05
2102,873,22,3,760,401.38,0.0
2103,873,24,1,3180,1867.83,0.0
2104,874,5,2,10130,4910.43,0.15
2105,874,24,1,3180,1867.83,0.1
2106,875,25,2,3566,2044.36,0.0
2107,875,23,3,2929,1870.19,0.0
2108,875,13,3,5603,2560.45,0.1
2109,876,13,1,5603,2560.45,0.05
2110,876,17,1,6312,3660.32,0.1
2111,876,17,1,6312,3660.32,0.1
2112,876,19,1,11816,8729.09,0.1
2113,877,7,2,5836,2907.71,0.1
2114,877,1,1,1586,1167.73,0.05
2115,877,24,1,3180,1867.83,0.15
2116,878,12,1,2194,1098.52,0.15
2117,878,7,3,5836,2907.71,0.1
2118,879,25,3,3566,2044.36,0.2
2119,879,6,2,9844,4646.02,0.05
2120,879,25,3,3566,2044.36,0.2
2121,880,19,2,11816,8729.09,0.0
2122,880,4,3,3162,2201.34,0.05
2123,880,13,3,5603,2560.45,0.0
2124,881,24,2,3180,1867.83,0.0
2125,881,6,1,9844,4646.02,0.2
2126,881,5,2,10130,4910.43,0.05
2127,881,17,3,6312,3660.32,0.1
2128,882,4,1,3162,2201.34,0.05
2129,882,2,1,7910,4744.31,0.05
2130,883,19,1,11816,8729.09,0.05
2131,883,19,2,11816,8729.09,0.05
2132,883,11,2,7283,3961.64,0.1
2133,883,5,2,10130,4910.43,0.0
2134,884,10,3,3896,2937.27,0.1
2135,884,11,1,7283,3961.64,0.0
2136,884,6,1,9844,4646.02,0.15
2137,885,23,2,2929,1870.19,0.05
2138,885,18,2,8248,4577.12,0.0
2139,885,12,2,2194,1098.52,0.05
2140,886,8,2,7234,5223.95,0.2
2141,886,5,3,10130,4910.43,0.05
2142,887,23,1,2929,1870.19,0.1
2143,887,3,1,6489,3426.83,0.0
2144,887,18,2,8248,4577.12,0.15
2145,887,5,1,10130,4910.43,0.15
2146,888,11,1,7283,3961.64,0.15
2147,889,1,3,1586,1167.73,0.05
2148,890,18,2,8248,4577.12,0.0
2149,890,10,1,3896,2937.27,0.0
2150,891,17,2,6312,3660.32,0.0
2151,892,6,2,9844,4646.02,0.15
2152,893,4,3,3162,2201.34,0.0
2153,893,4,3,3162,2201.34,0.1
2154,894,16,1,2302,1484.97,0.1
2155,894,7,3,5836,2907.71,0.1
2156,894,4,3,3162,2201.34,0.0
2157,895,22,2,760,401.38,0.2
2158,895,3,2,6489,3426.83,0.0
2159,895,10,1,3896,2937.27,0.0
2160,895,12,3,2194,1098.52,0.1
2161,896,7,2,5836,2907.71,0.15
2162,896,7,2,5836,2907.71,0.15
2163,896,13,1,5603,2560.45,0.1
2164,897,18,1,8248,4577.12,0.05
2165,897,23,2,2929,1870.19,0.1
2166,897,4,3,3162,2201.34,0.1
2167,898,9,3,3995,1987.42,0.2
2168,898,4,3,3162,2201.34,0.15
2169,899,22,2,760,401.38,0.1
2170,899,25,1,3566,2044.36,0.0
2171,899,25,1,3566,2044.36,0.05
2172,900,17,3,6312,3660.32,0.0
2173,900,13,1,5603,2560.45,0.0
2174,901,23,3,2929,1870.19,0.15
2175,901,18,2,8248,4577.12,0.1
2176,901,8,3,7234,5223.95,0.0
2177,902,18,3,8248,4577.12,0.1
2178,903,4,1,3162,2201.34,0.15
2179,903,12,1,2194,1098.52,0.15
2180,903,4,1,3162,2201.34,0.05
2181,904,24,3,3180,1867.83,0.0
2182,904,2,3,7910,4744.31,0.05
2183,904,19,1,11816,8729.09,0.15
2184,904,15,3,2539,1187.28,0.0
2185,905,17,1,6312,3660.32,0.15
2186,905,7,2,5836,2907.71,0.2
2187,906,9,3,3995,1987.42,0.0
2188,907,18,2,8248,4577.12,0.0
2189,907,14,3,1607,752.53,0.2
2190,908,7,1,5836,2907.71,0.05
2191,908,16,2,2302,1484.97,0.0
2192,908,20,2,6178,4515.34,0.2
2193,908,19,3,11816,8729.09,0.1
2194,909,22,2,760,401.38,0.0
2195,909,7,2,5836,2907.71,0.1
2196,910,14,3,1607,752.53,0.0
2197,910,15,2,2539,1187.28,0.15
2198,910,21,2,6554,3341.85,0.1
2199,911,8,3,7234,5223.95,0.1
2200,912,16,1,2302,1484.97,0.2
2201,912,6,2,9844,4646.02,0.2
2202,912,14,1,1607,752.53,0.0
2203,912,10,3,3896,2937.27,0.15
2204,913,4,1,3162,2201.34,0.05
2205,913,15,1,2539,1187.28,0.0
2206,913,6,2,9844,4646.02,0.0
2207,914,8,2,7234,5223.95,0.0
2208,915,16,3,2302,1484.97,0.0
2209,915,5,1,10130,4910.43,0.15
2210,915,22,3,760,401.38,0.1
2211,916,12,2,2194,1098.52,0.0
2212,917,23,1,2929,1870.19,0.2
2213,917,20,1,6178,4515.34,0.1
2214,918,7,1,5836,2907.71,0.0
2215,919,14,1,1607,752.53,0.0
2216,919,23,1,2929,1870.19,0.0
2217,919,12,1,2194,1098.52,0.05
2218,920,13,2,5603,2560.45,0.1
2219,920,15,1,2539,1187.28,0.0
2220,920,23,1,2929,1870.19,0.2
2221,921,15,2,2539,1187.28,0.05
2222,921,6,2,9844,4646.02,0.1
2223,922,5,3,10130,4910.43,0.0
2224,922,17,2,6312,3660.32,0.1
2225,922,20,3,6178,4515.34,0.1
2226,923,11,1,7283,3961.64,0.0
2227,923,16,2,2302,1484.97,0.0
2228,923,6,3,9844,4646.02,0.15
2229,923,19,1,11816,8729.09,0.0
2230,924,20,2,6178,4515.34,0.05
2231,924,16,3,2302,1484.97,0.05
2232,924,15,3,2539,1187.28,0.05
2233,925,12,2,2194,1098.52,0.0
2234,925,16,1,2302,1484.97,0.1
2235,925,20,2,6178,4515.34,0.05
2236,925,9,3,3995,1987.42,0.1
2237,926,1,3,1586,1167.73,0.2
2238,927,14,1,1607,752.53,0.1
2239,927,6,1,9844,4646.02,0.05
2240,927,23,3,2929,1870.19,0.0
2241,927,15,3,2539,1187.28,0.2
2242,928,6,1,9844,4646.02,0.0
2243,929,11,1,7283,3961.64,0.0
2244,929,25,2,3566,2044.36,0.0
2245,930,4,2,3162,2201.34,0.2
2246,930,21,1,6554,3341.85,0.2
2247,930,11,2,7283,3961.64,0.1
2248,930,20,1,6178,4515.34,0.1
2249,931,2,2,7910,4744.31,0.15
2250,931,14,3,1607,752.53,0.1
2251,932,5,3,10130,4910.43,0.0
2252,932,23,1,2929,1870.19,0.05
2253,932,4,1,3162,2201.34,0.2
2254,933,16,1,2302,1484.97,0.05
2255,933,10,1,3896,2937.27,0.0
2256,933,13,2,5603,2560.45,0.0
2257,933,11,2,7283,3961.64,0.0
2258,934,15,3,2539,1187.28,0.1
2259,934,6,2,9844,4646.02,0.05
2260,934,12,1,2194,1098.52,0.0
2261,935,22,1,760,401.38,0.05
2262,935,15,2,2539,1187.28,0.05
2263,935,9,1,3995,1987.42,0.2
2264,936,13,3,5603,2560.45,0.2
2265,936,11,3,7283,3961.64,0.2
2266,937,11,1,7283,3961.64,0.15
2267,937,21,2,6554,3341.85,0.05
2268,937,10,1,3896,2937.27,0.2
2269,937,1,2,1586,1167.73,0.0
2270,938,16,3,2302,1484.97,0.2
2271,938,22,1,760,401.38,0.1
2272,938,21,1,6554,3341.85,0.15
2273,939,19,3,11816,8729.09,0.0
2274,939,12,3,2194,1098.52,0.0
2275,939,21,1,6554,3341.85,0.1
2276,940,9,1,3995,1987.42,0.05
2277,940,16,3,2302,1484.97,0.15
2278,940,9,3,3995,1987.42,0.0
2279,940,3,1,6489,3426.83,0.2
2280,941,20,3,6178,4515.34,0.0
2281,941,11,2,7283,3961.64,0.15
2282,941,16,2,2302,1484.97,0.0
2283,941,3,2,6489,3426.83,0.0
2284,942,15,1,2539,1187.28,0.1
2285,942,11,1,7283,3961.64,0.0
2286,942,20,3,6178,4515.34,0.1
2287,943,24,1,3180,1867.83,0.1
2288,943,6,1,9844,4646.02,0.05
2289,944,13,2,5603,2560.45,0.0
2290,944,6,1,9844,4646.02,0.2
2291,944,6,2,9844,4646.02,0.2
2292,944,18,2,8248,4577.12,0.0
2293,945,19,3,11816,8729.09,0.0
2294,945,9,1,3995,1987.42,0.2
2295,946,13,2,5603,2560.45,0.2
2296,946,20,1,6178,4515.34,0.0
2297,946,17,1,6312,3660.32,0.0
2298,946,25,2,3566,2044.36,0.1
2299,947,9,1,3995,1987.42,0.05
2300,948,8,2,7234,5223.95,0.0
2301,948,8,3,7234,5223.95,0.2
2302,948,13,3,5603,2560.45,0.1
2303,949,16,2,2302,1484.97,0.0
2304,949,19,2,11816,8729.09,0.05
2305,950,4,3,3162,2201.34,0.0
2306,951,16,3,2302,1484.97,0.2
2307,951,24,1,3180,1867.83,0.15
2308,951,5,3,10130,4910.43,0.0
2309,951,7,1,5836,2907.71,0.1
2310,952,25,2,3566,2044.36,0.05
2311,952,17,2,6312,3660.32,0.05
2312,952,15,1,2539,1187.28,0.0
2313,953,4,3,3162,2201.34,0.0
2314,954,12,3,2194,1098.52,0.0
2315,954,15,3,2539,1187.28,0.1
2316,954,6,3,9844,4646.02,0.15
2317,955,3,3,6489,3426.83,0.0
2318,955,25,3,3566,2044.36,0.05
2319,955,7,2,5836,2907.71,0.15
2320,956,25,1,3566,2044.36,0.15
2321,956,5,3,10130,4910.43,0.0
2322,956,8,2,7234,5223.95,0.05
2323,957,25,1,3566,2044.36,0.05
2324,958,19,1,11816,8729.09,0.2
2325,959,4,3,3162,2201.34,0.15
2326,960,15,2,2539,1187.28,0.0
2327,960,10,2,3896,2937.27,0.0
2328,961,4,2,3162,2201.34,0.0
2329,962,3,2,6489,3426.83,0.0
2330,962,11,2,7283,3961.64,0.15
2331,962,12,3,2194,1098.52,0.0
2332,962,2,1,7910,4744.31,0.05
2333,963,25,3,3566,2044.36,0.0
2334,964,9,2,3995,1987.42,0.15
2335,964,18,2,8248,4577.12,0.1
2336,965,3,3,6489,3426.83,0.05
2337,965,16,2,2302,1484.97,0.0
2338,966,3,1,6489,3426.83,0.2
2339,966,7,3,5836,2907.71,0.05
2340,967,13,2,5603,2560.45,0.0
2341,968,21,1,6554,3341.85,0.05
2342,968,17,1,6312,3660.32,0.05
2343,968,7,1,5836,2907.71,0.15
2344,969,22,3,760,401.38,0.1
2345,969,9,2,3995,1987.42,0.15
2346,969,11,2,7283,3961.64,0.0
2347,970,15,2,2539,1187.28,0.0
2348,970,22,3,760,401.38,0.2
2349,971,19,1,11816,8729.09,0.2
2350,972,4,2,3162,2201.34,0.05
2351,972,24,2,3180,1867.83,0.2
2352,972,15,3,2539,1187.28,0.2
2353,972,22,2,760,401.38,0.05
2354,973,15,3,2539,1187.28,0.15
2355,973,19,1,11816,8729.09,0.1
2356,973,19,3,11816,8729.09,0.2
2357,973,9,1,3995,1987.42,0.2
2358,974,24,1,3180,1867.83,0.15
2359,974,3,1,6489,3426.83,0.15
2360,975,8,2,7234,5223.95,0.1
2361,975,19,1,11816,8729.09,0.1
2362,975,12,2,2194,1098.52,0.2
2363,975,10,3,3896,2937.27,0.2
2364,976,8,3,7234,5223.95,0.1
2365,976,7,1,5836,2907.71,0.0
2366,976,21,1,6554,3341.85,0.15
2367,977,19,3,11816,8729.09,0.1
2368,977,9,1,3995,1987.42,0.0
2369,977,9,2,3995,1987.42,0.0
2370,978,25,1,3566,2044.36,0.2
2371,978,8,2,7234,5223.95,0.05
2372,979,9,1,3995,1987.42,0.1
2373,979,18,2,8248,4577.12,0.0
2374,979,10,2,3896,2937.27,0.0
2375,979,2,3,7910,4744.31,0.0
2376,980,13,1,5603,2560.45,0.15
2377,980,16,3,2302,1484.97,0.2
2378,981,4,2,3162,2201.34,0.0
2379,981,24,2,3180,1867.83,0.0
2380,982,4,2,3162,2201.34,0.1
2381,982,20,1,6178,4515.34,0.15
2382,983,5,2,10130,4910.43,0.05
2383,983,8,3,7234,5223.95,0.0
2384,984,7,3,5836,2907.71,0.0
2385,984,7,3,5836,2907.71,0.05
2386,984,18,1,8248,4577.12,0.1
2387,985,22,1,760,401.38,0.05
2388,985,2,3,7910,4744.31,0.15
2389,985,19,3,11816,8729.09,0.0
2390,986,12,3,2194,1098.52,0.05
2391,987,16,2,2302,1484.97,0.15
2392,987,23,1,2929,1870.19,0.2
2393,987,16,2,2302,1484.97,0.0
2394,988,8,3,7234,5223.95,0.05
2395,988,17,1,6312,3660.32,0.0
2396,989,23,2,2929,1870.19,0.2
2397,989,11,3,7283,3961.64,0.0
2398,989,11,2,7283,3961.64,0.15
2399,989,2,3,7910,4744.31,0.0
2400,990,13,3,5603,2560.45,0.15
2401,991,2,2,7910,4744.31,0.1
2402,991,18,1,8248,4577.12,0.0
2403,991,19,3,11816,8729.09,0.0
2404,992,6,1,9844,4646.02,0.15
2405,992,18,3,8248,4577.12,0.15
2406,992,24,1,3180,1867.83,0.0
2407,992,6,1,9844,4646.02,0.15
2408,993,5,2,10130,4910.43,0.05
2409,994,15,2,2539,1187.28,0.05
2410,995,12,1,2194,1098.52,0.05
2411,996,8,1,7234,5223.95,0.0
2412,996,10,3,3896,2937.27,0.0
2413,997,7,1,5836,2907.71,0.1
2414,997,10,3,3896,2937.27,0.0
2415,997,4,2,3162,2201.34,0.05
2416,998,4,1,3162,2201.34,0.15
2417,998,6,2,9844,4646.02,0.15
2418,999,20,3,6178,4515.34,0.0
2419,1000,19,1,11816,8729.09,0.05
2420,1000,9,1,3995,1987.42,0.0
2421,1000,24,2,3180,1867.83,0.0
2422,1001,10,3,3896,2937.27,0.05
2423,1001,20,3,6178,4515.34,0.0
2424,1001,1,3,1586,1167.73,0.2
2425,1001,4,2,3162,2201.34,0.2
2426,1002,17,3,6312,3660.32,0.0
2427,1002,16,1,2302,1484.97,0.05
2428,1002,1,2,1586,1167.73,0.15
2429,1002,17,1,6312,3660.32,0.05
2430,1003,3,2,6489,3426.83,0.15
2431,1003,12,1,2194,1098.52,0.0
2432,1004,2,1,7910,4744.31,0.05
2433,1005,1,3,1586,1167.73,0.0
2434,1005,25,2,3566,2044.36,0.0
2435,1005,7,3,5836,2907.71,0.05
2436,1005,9,3,3995,1987.42,0.1
2437,1006,1,1,1586,1167.73,0.1
2438,1007,5,3,10130,4910.43,0.2
2439,1007,16,2,2302,1484.97,0.0
2440,1007,5,1,10130,4910.43,0.1
2441,1007,11,1,7283,3961.64,0.0
2442,1008,16,1,2302,1484.97,0.0
2443,1008,3,3,6489,3426.83,0.15
2444,1008,8,1,7234,5223.95,0.0
2445,1009,12,1,2194,1098.52,0.2
2446,1009,13,3,5603,2560.45,0.0
2447,1009,10,2,3896,2937.27,0.1
2448,1009,2,2,7910,4744.31,0.2
2449,1010,18,1,8248,4577.12,0.0
2450,1010,24,1,3180,1867.83,0.0
2451,1010,12,2,2194,1098.52,0.1
2452,1010,17,3,6312,3660.32,0.15
2453,1011,10,2,3896,2937.27,0.2
2454,1012,7,3,5836,2907.71,0.15
2455,1012,23,3,2929,1870.19,0.0
2456,1012,16,2,2302,1484.97,0.1
2457,1012,19,2,11816,8729.09,0.0
2458,1013,6,3,9844,4646.02,0.0
2459,1013,12,3,2194,1098.52,0.05
2460,1013,7,3,5836,2907.71,0.2
2461,1013,8,1,7234,5223.95,0.0
2462,1014,22,1,760,401.38,0.1
2463,1014,13,2,5603,2560.45,0.0
2464,1015,22,2,760,401.38,0.05
2465,1015,1,1,1586,1167.73,0.05
2466,1016,4,2,3162,2201.34,0.05
2467,1016,3,2,6489,3426.83,0.1
2468,1016,3,2,6489,3426.83,0.15
2469,1016,9,2,3995,1987.42,0.0
2470,1017,5,2,10130,4910.43,0.0
2471,1017,12,1,2194,1098.52,0.1
2472,1017,15,2,2539,1187.28,0.05
2473,1018,11,2,7283,3961.64,0.15
2474,1019,23,3,2929,1870.19,0.0
2475,1019,4,1,3162,2201.34,0.0
2476,1019,24,3,3180,1867.83,0.15
2477,1019,19,2,11816,8729.09,0.05
2478,1020,21,2,6554,3341.85,0.05
2479,1020,21,2,6554,3341.85,0.15
2480,1020,12,1,2194,1098.52,0.0
2481,1021,19,1,11816,8729.09,0.0
2482,1021,25,2,3566,2044.36,0.1
2483,1022,15,1,2539,1187.28,0.1
2484,1022,15,1,2539,1187.28,0.0
2485,1023,20,3,6178,4515.34,0.0
2486,1023,12,3,2194,1098.52,0.0
2487,1023,25,1,3566,2044.36,0.0
2488,1024,6,2,9844,4646.02,0.0
2489,1025,14,1,1607,752.53,0.05
2490,1025,17,1,6312,3660.32,0.0
2491,1026,10,2,3896,2937.27,0.0
2492,1026,7,1,5836,2907.71,0.2
2493,1027,16,2,2302,1484.97,0.2
2494,1028,15,3,2539,1187.28,0.0
2495,1029,18,2,8248,4577.12,0.05
2496,1030,1,1,1586,1167.73,0.0
2497,1030,25,2,3566,2044.36,0.15
2498,1031,19,2,11816,8729.09,0.15
2499,1031,14,2,1607,752.53,0.1
2500,1031,9,3,3995,1987.42,0.15
2501,1032,24,1,3180,1867.83,0.1
2502,1032,2,1,7910,4744.31,0.1
2503,1033,11,2,7283,3961.64,0.1
2504,1033,20,1,6178,4515.34,0.1
2505,1033,15,1,2539,1187.28,0.2
2506,1034,17,3,6312,3660.32,0.0
2507,1034,11,1,7283,3961.64,0.1
2508,1034,13,2,5603,2560.45,0.2
2509,1035,8,3,7234,5223.95,0.05
2510,1036,11,2,7283,3961.64,0.0
2511,1036,2,2,7910,4744.31,0.1
2512,1036,14,2,1607,752.53,0.0
2513,1037,12,3,2194,1098.52,0.15
2514,1038,11,2,7283,3961.64,0.2
2515,1038,6,1,9844,4646.02,0.05
2516,1038,3,3,6489,3426.83,0.2
2517,1039,16,2,2302,1484.97,0.0
2518,1040,5,2,10130,4910.43,0.2
2519,1040,1,3,1586,1167.73,0.1
2520,1040,9,3,3995,1987.42,0.1
2521,1041,17,1,6312,3660.32,0.0
2522,1042,25,2,3566,2044.36,0.0
2523,1043,11,3,7283,3961.64,0.1
2524,1044,13,1,5603,2560.45,0.0
2525,1044,15,1,2539,1187.28,0.05
2526,1044,4,3,3162,2201.34,0.1
2527,1045,7,2,5836,2907.71,0.15
2528,1045,6,3,9844,4646.02,0.1
2529,1046,11,1,7283,3961.64,0.0
2530,1046,25,3,3566,2044.36,0.0
2531,1046,12,3,2194,1098.52,0.1
2532,1046,5,2,10130,4910.43,0.05
2533,1047,18,3,8248,4577.12,0.15
2534,1048,20,3,6178,4515.34,0.15
2535,1049,8,2,7234,5223.95,0.0
2536,1050,25,3,3566,2044.36,0.2
2537,1051,9,2,3995,1987.42,0.15
2538,1051,21,3,6554,3341.85,0.1
2539,1051,15,3,2539,1187.28,0.15
2540,1051,10,2,3896,2937.27,0.1
2541,1052,23,2,2929,1870.19,0.0
2542,1052,25,2,3566,2044.36,0.0
2543,1052,19,2,11816,8729.09,0.05
2544,1053,10,3,3896,2937.27,0.0
2545,1053,19,2,11816,8729.09,0.2
2546,1053,11,3,7283,3961.64,0.0
2547,1054,5,3,10130,4910.43,0.15
2548,1054,3,3,6489,3426.83,0.0
2549,1054,14,1,1607,752.53,0.0
2550,1055,22,1,760,401.38,0.15
2551,1055,1,1,1586,1167.73,0.0
2552,1055,4,2,3162,2201.34,0.2
2553,1056,2,2,7910,4744.31,0.15
2554,1056,2,1,7910,4744.31,0.2
2555,1056,2,3,7910,4744.31,0.15
2556,1057,11,3,7283,3961.64,0.2
2557,1058,2,2,7910,4744.31,0.1
2558,1058,14,3,1607,752.53,0.2
2559,1058,14,1,1607,752.53,0.2
2560,1058,25,3,3566,2044.36,0.1
2561,1059,13,3,5603,2560.45,0.0
2562,1060,25,1,3566,2044.36,0.15
2563,1061,8,1,7234,5223.95,0.15
2564,1062,20,3,6178,4515.34,0.15
2565,1062,17,3,6312,3660.32,0.0
2566,1062,11,3,7283,3961.64,0.0
2567,1062,8,1,7234,5223.95,0.0
2568,1063,18,3,8248,4577.12,0.2
2569,1064,24,3,3180,1867.83,0.1
2570,1064,25,3,3566,2044.36,0.0
2571,1065,6,3,9844,4646.02,0.0
2572,1065,17,3,6312,3660.32,0.15
2573,1066,18,2,8248,4577.12,0.0
2574,1066,1,1,1586,1167.73,0.2
2575,1067,2,3,7910,4744.31,0.0
2576,1067,1,3,1586,1167.73,0.05
2577,1067,8,3,7234,5223.95,0.0
2578,1067,19,1,11816,8729.09,0.0
2579,1068,4,3,3162,2201.34,0.05
2580,1069,2,3,7910,4744.31,0.0
2581,1070,19,2,11816,8729.09,0.2
2582,1070,21,2,6554,3341.85,0.15
2583,1071,21,2,6554,3341.85,0.1
2584,1071,9,3,3995,1987.42,0.15
2585,1072,22,3,760,401.38,0.0
2586,1073,6,2,9844,4646.02,0.0
2587,1073,18,3,8248,4577.12,0.15
2588,1074,22,1,760,401.38,0.05
2589,1074,25,3,3566,2044.36,0.2
2590,1074,5,2,10130,4910.43,0.0
2591,1075,3,3,6489,3426.83,0.15
2592,1076,20,3,6178,4515.34,0.2
2593,1076,12,3,2194,1098.52,0.15
2594,1076,3,3,6489,3426.83,0.05
2595,1076,4,1,3162,2201.34,0.0
2596,1077,16,2,2302,1484.97,0.1
2597,1078,17,2,6312,3660.32,0.05
2598,1078,23,2,2929,1870.19,0.15
2599,1078,16,3,2302,1484.97,0.15
2600,1079,13,2,5603,2560.45,0.15
2601,1079,22,3,760,401.38,0.15
2602,1079,21,2,6554,3341.85,0.0
2603,1080,13,3,5603,2560.45,0.0
2604,1080,17,3,6312,3660.32,0.1
2605,1080,18,2,8248,4577.12,0.1
2606,1080,16,3,2302,1484.97,0.0
2607,1081,9,2,3995,1987.42,0.0
2608,1082,8,3,7234,5223.95,0.05
2609,1082,19,1,11816,8729.09,0.0
2610,1082,12,2,2194,1098.52,0.05
2611,1083,19,1,11816,8729.09,0.05
2612,1083,14,2,1607,752.53,0.15
2613,1083,10,3,3896,2937.27,0.2
2614,1084,9,2,3995,1987.42,0.1
2615,1084,14,1,1607,752.53,0.0
2616,1085,13,3,5603,2560.45,0.05
2617,1085,2,1,7910,4744.31,0.0
2618,1085,10,3,3896,2937.27,0.0
2619,1085,16,1,2302,1484.97,0.1
2620,1086,3,3,6489,3426.83,0.15
2621,1086,24,3,3180,1867.83,0.0
2622,1087,20,3,6178,4515.34,0.2
2623,1087,22,3,760,401.38,0.0
2624,1087,1,3,1586,1167.73,0.0
2625,1087,11,1,7283,3961.64,0.1
2626,1088,17,2,6312,3660.32,0.05
2627,1088,14,3,1607,752.53,0.0
2628,1088,12,2,2194,1098.52,0.1
2629,1089,18,3,8248,4577.12,0.2
2630,1089,17,2,6312,3660.32,0.0
2631,1089,10,3,3896,2937.27,0.05
2632,1090,6,1,9844,4646.02,0.1
2633,1091,15,1,2539,1187.28,0.05
2634,1091,4,1,3162,2201.34,0.0
2635,1092,16,2,2302,1484.97,0.0
2636,1092,1,3,1586,1167.73,0.2
2637,1092,8,1,7234,5223.95,0.0
2638,1093,20,3,6178,4515.34,0.2
2639,1093,9,2,3995,1987.42,0.05
2640,1094,12,1,2194,1098.52,0.15
2641,1094,22,3,760,401.38,0.0
2642,1095,15,1,2539,1187.28,0.1
2643,1095,14,3,1607,752.53,0.1
2644,1095,1,3,1586,1167.73,0.15
2645,1095,8,1,7234,5223.95,0.0
2646,1096,25,1,3566,2044.36,0.0
2647,1096,21,2,6554,3341.85,0.0
2648,1096,18,1,8248,4577.12,0.15
2649,1097,7,3,5836,2907.71,0.1
2650,1097,16,1,2302,1484.97,0.1
2651,1098,4,3,3162,2201.34,0.2
2652,1098,15,1,2539,1187.28,0.1
2653,1098,14,2,1607,752.53,0.0
2654,1098,16,1,2302,1484.97,0.1
2655,1099,23,3,2929,1870.19,0.15
2656,1099,22,1,760,401.38,0.0
2657,1099,14,2,1607,752.53,0.15
2658,1099,1,1,1586,1167.73,0.15
2659,1100,15,2,2539,1187.28,0.0
2660,1100,13,3,5603,2560.45,0.15
2661,1101,7,1,5836,2907.71,0.0
2662,1101,25,2,3566,2044.36,0.0
2663,1101,22,1,760,401.38,0.1
2664,1101,7,1,5836,2907.71,0.0
2665,1102,6,2,9844,4646.02,0.05
2666,1103,21,1,6554,3341.85,0.15
2667,1103,16,2,2302,1484.97,0.15
2668,1103,4,2,3162,2201.34,0.15
2669,1103,23,1,2929,1870.19,0.05
2670,1104,14,3,1607,752.53,0.1
2671,1105,23,2,2929,1870.19,0.0
2672,1105,12,2,2194,1098.52,0.05
2673,1105,21,1,6554,3341.85,0.1
2674,1106,21,2,6554,3341.85,0.0
2675,1106,2,2,7910,4744.31,0.15
2676,1106,8,1,7234,5223.95,0.2
2677,1107,25,2,3566,2044.36,0.0
2678,1108,6,1,9844,4646.02,0.0
2679,1108,20,1,6178,4515.34,0.0
2680,1108,9,2,3995,1987.42,0.1
2681,1109,10,1,3896,2937.27,0.15
2682,1109,14,2,1607,752.53,0.2
2683,1110,6,3,9844,4646.02,0.15
2684,1110,10,2,3896,2937.27,0.2
2685,1110,5,1,10130,4910.43,0.1
2686,1111,14,1,1607,752.53,0.15
2687,1112,17,3,6312,3660.32,0.05
2688,1112,15,1,2539,1187.28,0.05
2689,1112,10,2,3896,2937.27,0.2
2690,1113,3,2,6489,3426.83,0.15
2691,1113,18,3,8248,4577.12,0.05
2692,1113,23,3,2929,1870.19,0.1
2693,1114,15,3,2539,1187.28,0.15
2694,1114,2,3,7910,4744.31,0.05
2695,1114,21,2,6554,3341.85,0.05
2696,1114,2,1,7910,4744.31,0.1
2697,1115,13,1,5603,2560.45,0.0
2698,1116,25,3,3566,2044.36,0.05
2699,1116,20,1,6178,4515.34,0.2
2700,1116,10,3,3896,2937.27,0.2
2701,1117,5,2,10130,4910.43,0.1
2702,1118,25,1,3566,2044.36,0.05
2703,1119,18,3,8248,4577.12,0.05
2704,1119,25,2,3566,2044.36,0.2
2705,1119,19,1,11816,8729.09,0.1
2706,1120,3,3,6489,3426.83,0.15
2707,1120,4,3,3162,2201.34,0.0
2708,1120,15,3,2539,1187.28,0.0
2709,1120,5,2,10130,4910.43,0.05
2710,1121,4,1,3162,2201.34,0.0
2711,1121,23,3,2929,1870.19,0.05
2712,1122,5,1,10130,4910.43,0.15
2713,1122,6,3,9844,4646.02,0.05
2714,1122,11,2,7283,3961.64,0.15
2715,1122,1,3,1586,1167.73,0.15
2716,1123,14,2,1607,752.53,0.05
2717,1123,21,2,6554,3341.85,0.1
2718,1123,3,1,6489,3426.83,0.0
2719,1123,11,2,7283,3961.64,0.15
2720,1124,2,3,7910,4744.31,0.15
2721,1124,6,1,9844,4646.02,0.0
2722,1124,10,1,3896,2937.27,0.2
2723,1125,6,3,9844,4646.02,0.0
2724,1125,23,3,2929,1870.19,0.1
2725,1125,22,2,760,401.38,0.0
2726,1126,21,1,6554,3341.85,0.2
2727,1126,22,1,760,401.38,0.05
2728,1127,8,2,7234,5223.95,0.0
2729,1128,2,2,7910,4744.31,0.0
2730,1129,21,1,6554,3341.85,0.1
2731,1130,9,3,3995,1987.42,0.0
2732,1130,3,3,6489,3426.83,0.0
2733,1130,5,1,10130,4910.43,0.0
2734,1131,3,3,6489,3426.83,0.0
2735,1131,18,3,8248,4577.12,0.1
2736,1131,13,1,5603,2560.45,0.0
2737,1132,19,3,11816,8729.09,0.0
2738,1133,16,1,2302,1484.97,0.1
2739,1134,10,2,3896,2937.27,0.0
2740,1134,2,2,7910,4744.31,0.0
2741,1134,16,2,2302,1484.97,0.0
2742,1135,5,2,10130,4910.43,0.2
2743,1135,7,3,5836,2907.71,0.15
2744,1135,11,3,7283,3961.64,0.2
2745,1136,4,1,3162,2201.34,0.05
2746,1137,3,2,6489,3426.83,0.05
2747,1137,12,1,2194,1098.52,0.0
2748,1137,24,2,3180,1867.83,0.05
2749,1138,10,3,3896,2937.27,0.0
2750,1138,14,3,1607,752.53,0.05
2751,1139,13,2,5603,2560.45,0.0
2752,1140,25,1,3566,2044.36,0.0
2753,1140,8,2,7234,5223.95,0.0
2754,1141,14,1,1607,752.53,0.0
2755,1141,3,1,6489,3426.83,0.0
2756,1141,17,1,6312,3660.32,0.15
2757,1141,8,1,7234,5223.95,0.0
2758,1142,7,3,5836,2907.71,0.1
2759,1143,5,2,10130,4910.43,0.15
2760,1144,20,1,6178,4515.34,0.05
2761,1145,18,2,8248,4577.12,0.05
2762,1145,20,3,6178,4515.34,0.0
2763,1145,19,3,11816,8729.09,0.15
2764,1146,8,3,7234,5223.95,0.0
2765,1146,9,3,3995,1987.42,0.0
2766,1146,22,2,760,401.38,0.0
2767,1146,3,2,6489,3426.83,0.05
2768,1147,1,1,1586,1167.73,0.2
2769,1147,4,3,3162,2201.34,0.0
2770,1148,5,2,10130,4910.43,0.0
2771,1148,23,3,2929,1870.19,0.1
2772,1149,12,3,2194,1098.52,0.05
2773,1149,1,3,1586,1167.73,0.1
2774,1149,25,2,3566,2044.36,0.05
2775,1150,11,3,7283,3961.64,0.05
2776,1150,6,3,9844,4646.02,0.1
2777,1150,18,2,8248,4577.12,0.05
2778,1150,25,2,3566,2044.36,0.2
2779,1151,25,2,3566,2044.36,0.05
2780,1152,18,1,8248,4577.12,0.0
2781,1152,19,1,11816,8729.09,0.15
2782,1152,4,1,3162,2201.34,0.15
2783,1153,2,3,7910,4744.31,0.0
2784,1153,4,3,3162,2201.34,0.0
2785,1153,14,2,1607,752.53,0.15
2786,1154,12,3,2194,1098.52,0.1
2787,1154,4,3,3162,2201.34,0.05
2788,1155,13,2,5603,2560.45,0.05
2789,1156,5,1,10130,4910.43,0.0
2790,1156,22,3,760,401.38,0.05
2791,1157,24,1,3180,1867.83,0.0
2792,1157,22,2,760,401.38,0.0
2793,1158,10,2,3896,2937.27,0.1
2794,1158,23,1,2929,1870.19,0.0
2795,1159,9,3,3995,1987.42,0.05
2796,1159,5,2,10130,4910.43,0.05
2797,1159,11,2,7283,3961.64,0.2
2798,1160,2,1,7910,4744.31,0.1
2799,1160,13,2,5603,2560.45,0.0
2800,1160,22,2,760,401.38,0.0
2801,1161,12,2,2194,1098.52,0.05
2802,1161,23,3,2929,1870.19,0.05
2803,1162,6,2,9844,4646.02,0.05
2804,1162,3,1,6489,3426.83,0.1
2805,1162,11,3,7283,3961.64,0.15
2806,1162,3,3,6489,3426.83,0.05
2807,1163,1,1,1586,1167.73,0.05
2808,1163,1,1,1586,1167.73,0.15
2809,1163,4,1,3162,2201.34,0.1
2810,1164,16,3,2302,1484.97,0.05
2811,1164,16,1,2302,1484.97,0.05
2812,1164,5,3,10130,4910.43,0.0
2813,1164,6,2,9844,4646.02,0.05
2814,1165,23,2,2929,1870.19,0.2
2815,1165,25,2,3566,2044.36,0.15
2816,1166,18,1,8248,4577.12,0.0
2817,1166,23,2,2929,1870.19,0.0
2818,1167,18,3,8248,4577.12,0.05
2819,1167,10,3,3896,2937.27,0.0
2820,1168,12,1,2194,1098.52,0.0
2821,1168,1,3,1586,1167.73,0.05
2822,1168,2,1,7910,4744.31,0.1
2823,1168,15,3,2539,1187.28,0.0
2824,1169,19,2,11816,8729.09,0.0
2825,1169,17,2,6312,3660.32,0.0
2826,1170,10,3,3896,2937.27,0.15
2827,1171,12,1,2194,1098.52,0.2
2828,1171,21,1,6554,3341.85,0.1
2829,1172,25,1,3566,2044.36,0.05
2830,1173,18,3,8248,4577.12,0.2
2831,1173,22,3,760,401.38,0.2
2832,1173,25,2,3566,2044.36,0.0
2833,1174,21,3,6554,3341.85,0.1
2834,1174,20,1,6178,4515.34,0.05
2835,1175,24,2,3180,1867.83,0.2
2836,1176,9,3,3995,1987.42,0.2
2837,1177,12,3,2194,1098.52,0.0
2838,1177,9,1,3995,1987.42,0.15
2839,1177,22,1,760,401.38,0.0
2840,1178,23,1,2929,1870.19,0.0
2841,1178,18,1,8248,4577.12,0.1
2842,1178,2,2,7910,4744.31,0.05
2843,1178,18,3,8248,4577.12,0.05
2844,1179,6,1,9844,4646.02,0.05
2845,1179,19,3,11816,8729.09,0.0
2846,1179,3,2,6489,3426.83,0.1
2847,1179,10,1,3896,2937.27,0.2
2848,1180,7,2,5836,2907.71,0.0
2849,1180,7,2,5836,2907.71,0.05
2850,1180,3,3,6489,3426.83,0.0
2851,1181,22,3,760,401.38,0.2
2852,1181,10,1,3896,2937.27,0.05
2853,1182,4,2,3162,2201.34,0.15
2854,1182,14,3,1607,752.53,0.2
2855,1183,9,2,3995,1987.42,0.05
2856,1183,8,3,7234,5223.95,0.1
2857,1183,25,3,3566,2044.36,0.05
2858,1183,19,2,11816,8729.09,0.05
2859,1184,20,2,6178,4515.34,0.2
2860,1184,3,3,6489,3426.83,0.05
2861,1184,11,3,7283,3961.64,0.0
2862,1184,23,2,2929,1870.19,0.05
2863,1185,3,2,6489,3426.83,0.2
2864,1185,12,2,2194,1098.52,0.05
2865,1185,4,2,3162,2201.34,0.2
2866,1185,14,2,1607,752.53,0.0
2867,1186,9,2,3995,1987.42,0.05
2868,1186,6,1,9844,4646.02,0.05
2869,1186,14,1,1607,752.53,0.15
2870,1186,12,3,2194,1098.52,0.0
2871,1187,9,3,3995,1987.42,0.2
2872,1187,8,2,7234,5223.95,0.0
2873,1187,10,1,3896,2937.27,0.15
2874,1187,22,1,760,401.38,0.0
2875,1188,18,1,8248,4577.12,0.2
2876,1188,10,2,3896,2937.27,0.05
2877,1188,19,2,11816,8729.09,0.0
2878,1189,7,1,5836,2907.71,0.0
2879,1189,23,3,2929,1870.19,0.05
2880,1189,6,2,9844,4646.02,0.0
2881,1190,8,1,7234,5223.95,0.0
2882,1190,10,2,3896,2937.27,0.0
2883,1190,19,2,11816,8729.09,0.15
2884,1190,12,1,2194,1098.52,0.0
2885,1191,22,1,760,401.38,0.0
2886,1191,6,1,9844,4646.02,0.0
2887,1191,3,2,6489,3426.83,0.0
2888,1191,5,1,10130,4910.43,0.15
2889,1192,6,2,9844,4646.02,0.1
2890,1193,1,2,1586,1167.73,0.15
2891,1193,14,2,1607,752.53,0.05
2892,1194,24,1,3180,1867.83,0.0
2893,1194,12,1,2194,1098.52,0.0
2894,1194,3,3,6489,3426.83,0.1
2895,1195,16,2,2302,1484.97,0.15
2896,1195,17,2,6312,3660.32,0.15
2897,1196,1,1,1586,1167.73,0.0
2898,1196,6,2,9844,4646.02,0.0
2899,1196,12,3,2194,1098.52,0.0
2900,1196,24,2,3180,1867.83,0.1
2901,1197,15,3,2539,1187.28,0.1
2902,1198,4,2,3162,2201.34,0.2
2903,1198,8,3,7234,5223.95,0.2
2904,1199,13,3,5603,2560.45,0.2
2905,1199,16,3,2302,1484.97,0.15
2906,1199,21,3,6554,3341.85,0.0
2907,1200,18,2,8248,4577.12,0.05
